unique_ID,replicate,species,fed_pf,temp_mean,temp_range,age,dead,label_pf,pf_copies,pf_dilution_factor,pf_ct_1,pf_copies_1,pf_tm_1,pf_tmshape_1,pf_ct_2,pf_copies_2,pf_tm_2,pf_tmshape_2
r00_KI270_03.1.0,0,An. gambiae,Exposed,27,0,3,0,no Plasmodium,,100,38.93,0.242,73,0,No Cq,No Cq,95,0
r00_KI270_03.2.0,0,An. gambiae,Exposed,27,0,3,0,no Plasmodium,,100,No Cq,No Cq,68,0,No Cq,No Cq,95,0
r00_KI270_03.3.0,0,An. gambiae,Exposed,27,0,3,0,no Plasmodium,,100,No Cq,No Cq,76,0,No Cq,No Cq,92,0
r00_KI270_06.1.0,0,An. gambiae,Exposed,27,0,6,0,no Plasmodium,,100,37.88,0.388,73.5,0,37.95,0.376,73.5,0
r00_KI270_06.2.0,0,An. gambiae,Exposed,27,0,6,0,no Plasmodium,,100,33.88,3.85,No Tm,0,35.71,1.66,No Tm,0
r00_KI270_06.3.0,0,An. gambiae,Exposed,27,0,6,0,no Plasmodium,,100,No Cq,No Cq,95,0,No Cq,No Cq,65,0
r00_KI270_09.1.0,0,An. gambiae,Exposed,27,0,9,0,no Plasmodium,,100,No Cq,No Cq,92.5,0,No Cq,No Cq,65,0
r00_KI270_09.2.0,0,An. gambiae,Exposed,27,0,9,0,no Plasmodium,,100,No Cq,No Cq,68,0,No Cq,No Cq,95,0
r00_KI270_11.1.0,0,An. gambiae,Exposed,27,0,11,0,no Plasmodium,,100,No Cq,No Cq,71,0,No Cq,No Cq,68,0
r00_KI270_11.2.0,0,An. gambiae,Exposed,27,0,11,0,no Plasmodium,,100,No Cq,No Cq,67.5,0,No Cq,No Cq,65,0
r00_KI270_11.3.0,0,An. gambiae,Exposed,27,0,11,0,no Plasmodium,,100,No Cq,No Cq,93,0,No Cq,No Cq,68.5,0
r00_KI270_13.1.0,0,An. gambiae,Exposed,27,0,13,0,no Plasmodium,,100,No Cq,No Cq,67,0,No Cq,No Cq,65,0
r00_KI270_13.2.0,0,An. gambiae,Exposed,27,0,13,0,no Plasmodium,,100,No Cq,No Cq,69.5,0,No Cq,No Cq,92,0
r00_KI270_13.3.0,0,An. gambiae,Exposed,27,0,13,0,no Plasmodium,,100,No Cq,No Cq,65,0,No Cq,No Cq,65,0
r00_KI270_15.1.0,0,An. gambiae,Exposed,27,0,15,0,no Plasmodium,,100,No Cq,No Cq,91.5,0,No Cq,No Cq,95,0
r00_KI270_15.2.0,0,An. gambiae,Exposed,27,0,15,0,no Plasmodium,,100,No Cq,No Cq,65,0,No Cq,No Cq,91.5,0
r00_KI270_15.3.0,0,An. gambiae,Exposed,27,0,15,0,no Plasmodium,,100,No Cq,No Cq,90.5,0,No Cq,No Cq,90.5,0
r00_KI270_15.4.0,0,An. gambiae,Exposed,27,0,15,0,no Plasmodium,,100,No Cq,No Cq,65,0,No Cq,No Cq,65,0
r00_KI270_15.5.0,0,An. gambiae,Exposed,27,0,15,0,no Plasmodium,,100,No Cq,No Cq,95,0,No Cq,No Cq,95,0
r00_KI270_15.6.0,0,An. gambiae,Exposed,27,0,15,0,no Plasmodium,,100,No Cq,No Cq,92.5,0,No Cq,No Cq,95,0
r00_KI270_15.7.0,0,An. gambiae,Exposed,27,0,15,0,no Plasmodium,,100,No Cq,No Cq,65,0,No Cq,No Cq,95,0
r00_KI270_15.8.0,0,An. gambiae,Exposed,27,0,15,0,no Plasmodium,,100,No Cq,No Cq,95,0,No Cq,No Cq,67.5,0
r00_KI270_15.9.0,0,An. gambiae,Exposed,27,0,15,0,no Plasmodium,,100,No Cq,No Cq,68,0,No Cq,No Cq,68,0
r00_KI270_15.10.0,0,An. gambiae,Exposed,27,0,15,0,no Plasmodium,,100,No Cq,No Cq,65,0,No Cq,No Cq,93,0
r00_KI270_15.11.0,0,An. gambiae,Exposed,27,0,15,0,no Plasmodium,,100,39.6,0.179,74.5,0,No Cq,No Cq,67,0
r00_KI270_15.12.0,0,An. gambiae,Exposed,27,0,15,0,no Plasmodium,,100,No Cq,No Cq,68,0,No Cq,No Cq,67.5,0
r00_KI270_15.13.0,0,An. gambiae,Exposed,27,0,15,0,no Plasmodium,,100,No Cq,No Cq,65,0,No Cq,No Cq,93,0
r00_KI270_15.1.x,0,An. gambiae,Exposed,27,0,15,x,no Plasmodium,,100,No Cq,No Cq,65,0,No Cq,No Cq,67.5,0
r00_KI270_15.2.x,0,An. gambiae,Exposed,27,0,15,x,no Plasmodium,,100,No Cq,No Cq,65,0,No Cq,No Cq,67.5,0
r00_KI270_15.3.x,0,An. gambiae,Exposed,27,0,15,x,no Plasmodium,,100,No Cq,No Cq,65,0,No Cq,No Cq,65,0
r00_KI270_15.4.x,0,An. gambiae,Exposed,27,0,15,x,no Plasmodium,,100,No Cq,No Cq,65,0,No Cq,No Cq,93,0
r00_CI270_03.1.0,0,An. coluzzii,Exposed,27,0,3,0,no Plasmodium,95.5,100,35.08,1.37,72.5,1,37.15,0.54,73,1
r00_CI270_03.2.0,0,An. coluzzii,Exposed,27,0,3,0,no Plasmodium,,100,No Cq,No Cq,95,0,No Cq,No Cq,65,0
r00_CI270_03.3.0,0,An. coluzzii,Exposed,27,0,3,0,no Plasmodium,,100,No Cq,No Cq,65,0,No Cq,No Cq,67,0
r00_CI270_06.1.0,0,An. coluzzii,Exposed,27,0,6,0,no Plasmodium,,100,No Cq,No Cq,65,0,No Cq,No Cq,95,0
r00_CI270_06.2.0,0,An. coluzzii,Exposed,27,0,6,0,no Plasmodium,,100,No Cq,No Cq,65,0,No Cq,No Cq,95,0
r00_CI270_06.3.0,0,An. coluzzii,Exposed,27,0,6,0,no Plasmodium,,100,No Cq,No Cq,67,0,No Cq,No Cq,67,0
r00_CI270_09.1.0,0,An. coluzzii,Exposed,27,0,9,0,no Plasmodium,,100,34.12,3.43,No Tm,0,32.73,6.54,No Tm,0
r00_CI270_09.2.0,0,An. coluzzii,Exposed,27,0,9,0,no Plasmodium,,100,No Cq,No Cq,67,0,No Cq,No Cq,73.5,0
r00_CI270_09.3.0,0,An. coluzzii,Exposed,27,0,9,0,no Plasmodium,,100,No Cq,No Cq,65,0,No Cq,No Cq,65,0
r00_CI270_11.1.0,0,An. coluzzii,Exposed,27,0,11,0,no Plasmodium,,100,No Cq,No Cq,70,0,No Cq,No Cq,95,0
r00_CI270_11.2.0,0,An. coluzzii,Exposed,27,0,11,0,no Plasmodium,,100,No Cq,No Cq,68,0,No Cq,No Cq,68,0
r00_CI270_11.3.0,0,An. coluzzii,Exposed,27,0,11,0,with Plasmodium,138.5,100,35.09,1.55,72.5,1,35.57,1.22,70.5,1
r00_CI270_13.1.0,0,An. coluzzii,Exposed,27,0,13,0,no Plasmodium,,100,No Cq,No Cq,68,0,No Cq,No Cq,95,0
r00_CI270_13.2.0,0,An. coluzzii,Exposed,27,0,13,0,no Plasmodium,,100,No Cq,No Cq,95,0,No Cq,No Cq,67.5,0
r00_CI270_13.3.0,0,An. coluzzii,Exposed,27,0,13,0,no Plasmodium,,100,No Cq,No Cq,95,0,No Cq,No Cq,67.5,0
r00_CI270_15.1.0,0,An. coluzzii,Exposed,27,0,15,0,no Plasmodium,,100,No Cq,No Cq,71.5,0,No Cq,No Cq,95,0
r00_CI270_15.2.0,0,An. coluzzii,Exposed,27,0,15,0,with Plasmodium,98.8,100,35.11,1.54,72.5,1,37.67,0.436,92.5,1
r00_CI270_15.3.0,0,An. coluzzii,Exposed,27,0,15,0,with Plasmodium,255.50000000000003,100,35.12,1.53,72.5,1,33.39,3.58,72.5,1
r00_CI270_15.4.0,0,An. coluzzii,Exposed,27,0,15,0,no Plasmodium,,100,No Cq,No Cq,65,0,No Cq,No Cq,68.5,0
r00_CI270_15.6.0,0,An. coluzzii,Exposed,27,0,15,0,no Plasmodium,,100,No Cq,No Cq,65,0,No Cq,No Cq,67.5,0
r01_KI276_03.1.0,1,An. gambiae,Exposed,27,6,3,0,no Plasmodium,41.75,100,36.01,0.379,72.5,1,35.65,0.456,72.5,1
r01_KI276_03.2.0,1,An. gambiae,Exposed,27,6,3,0,no Plasmodium,,100,No Cq,No Cq,65,0,38.92,0.0839,73.5,0
r01_KI276_03.3.0,1,An. gambiae,Exposed,27,6,3,0,no Plasmodium,74.6,100,34.97,0.65,72.5,1,34.47,0.842,72.5,1
r01_KI276_06.1.0,1,An. gambiae,Exposed,27,6,6,0,no Plasmodium,,100,No Cq,No Cq,95,0,No Cq,No Cq,69,0
r01_KI276_06.2.0,1,An. gambiae,Exposed,27,6,6,0,no Plasmodium,,100,39.86,0.0516,73,0,No Cq,No Cq,67.5,0
r01_KI276_06.3.0,1,An. gambiae,Exposed,27,6,6,0,no Plasmodium,750.0,100,32.08,8.8,No Tm,1,32.84,6.2,No Tm,1
r01_KI276_09.1.0,1,An. gambiae,Exposed,27,6,9,0,no Plasmodium,,100,No Cq,No Cq,95,0,No Cq,No Cq,65,0
r01_KI276_09.2.0,1,An. gambiae,Exposed,27,6,9,0,no Plasmodium,,100,No Cq,No Cq,65,0,39.65,0.0573,70.5,0
r01_KI276_09.3.0,1,An. gambiae,Exposed,27,6,9,0,no Plasmodium,,100,No Cq,No Cq,65,0,No Cq,No Cq,67,0
r01_KI276_11.1.0,1,An. gambiae,Exposed,27,6,11,0,no Plasmodium,,100,No Cq,No Cq,65,0,No Cq,No Cq,95,0
r01_KI276_11.2.0,1,An. gambiae,Exposed,27,6,11,0,no Plasmodium,,100,No Cq,No Cq,65,0,No Cq,No Cq,69,0
r01_KI276_11.3.0,1,An. gambiae,Exposed,27,6,11,0,no Plasmodium,,100,No Cq,No Cq,92,0,No Cq,No Cq,65,0
r01_KI276_13.1.0,1,An. gambiae,Exposed,27,6,13,0,no Plasmodium,,100,No Cq,No Cq,65,0,No Cq,No Cq,65,0
r01_KI276_13.2.0,1,An. gambiae,Exposed,27,6,13,0,no Plasmodium,,100,No Cq,No Cq,95,0,No Cq,No Cq,67,0
r01_KI276_13.3.0,1,An. gambiae,Exposed,27,6,13,0,no Plasmodium,,100,No Cq,No Cq,67,0,No Cq,No Cq,65,0
r01_KI276_15.1.0,1,An. gambiae,Exposed,27,6,15,0,no Plasmodium,,100,37.86,0.146,73.5,0,37.99,0.136,72.5,0
r01_KI276_15.2.0,1,An. gambiae,Exposed,27,6,15,0,no Plasmodium,,100,No Cq,No Cq,95,0,38.54,0.102,72.5,0
r01_KI276_15.3.0,1,An. gambiae,Exposed,27,6,15,0,no Plasmodium,,100,No Cq,No Cq,91.5,0,No Cq,No Cq,71.5,0
r01_KI276_15.4.0,1,An. gambiae,Exposed,27,6,15,0,no Plasmodium,,100,38.38,0.111,73,0,No Cq,No Cq,65,0
r01_KI276_17.1.0,1,An. gambiae,Exposed,27,6,17,0,no Plasmodium,,100,No Cq,No Cq,95,0,No Cq,No Cq,65,0
r01_KI276_17.2.0,1,An. gambiae,Exposed,27,6,17,0,no Plasmodium,,100,No Cq,No Cq,95,0,No Cq,No Cq,67.5,0
r01_KI276_17.3.0,1,An. gambiae,Exposed,27,6,17,0,no Plasmodium,,100,No Cq,No Cq,65,0,No Cq,No Cq,65,0
r01_KI276_17.4.0,1,An. gambiae,Exposed,27,6,17,0,no Plasmodium,,100,No Cq,No Cq,91.5,0,No Cq,No Cq,67,0
r01_KI276_19.1.0,1,An. gambiae,Exposed,27,6,19,0,no Plasmodium,,100,No Cq,No Cq,69.5,0,No Cq,No Cq,67.5,0
r01_KI276_19.2.0,1,An. gambiae,Exposed,27,6,19,0,no Plasmodium,,100,No Cq,No Cq,67,0,No Cq,No Cq,65,0
r01_KI270_03.1.0,1,An. gambiae,Exposed,27,0,3,0,no Plasmodium,,100,No Cq,No Cq,65,0,No Cq,No Cq,95,0
r01_KI270_03.2.0,1,An. gambiae,Exposed,27,0,3,0,no Plasmodium,,100,No Cq,No Cq,68,0,No Cq,No Cq,67,0
r01_KI270_03.3.0,1,An. gambiae,Exposed,27,0,3,0,no Plasmodium,,100,No Cq,No Cq,68,0,No Cq,No Cq,95,0
r01_KI270_06.1.0,1,An. gambiae,Exposed,27,0,6,0,no Plasmodium,,100,No Cq,No Cq,74,0,No Cq,No Cq,65,0
r01_KI270_06.2.0,1,An. gambiae,Exposed,27,0,6,0,no Plasmodium,,100,No Cq,No Cq,75.5,0,No Cq,No Cq,69.5,0
r01_KI270_06.3.0,1,An. gambiae,Exposed,27,0,6,0,no Plasmodium,,100,No Cq,No Cq,87.5,0,No Cq,No Cq,67.5,0
r01_KI270_09.1.0,1,An. gambiae,Exposed,27,0,9,0,no Plasmodium,,100,No Cq,No Cq,67.5,0,No Cq,No Cq,65,0
r01_KI270_09.2.0,1,An. gambiae,Exposed,27,0,9,0,no Plasmodium,,100,No Cq,No Cq,67.5,0,No Cq,No Cq,65,0
r01_KI270_09.3.0,1,An. gambiae,Exposed,27,0,9,0,no Plasmodium,,100,No Cq,No Cq,65,0,39.04,0.0788,95,0
r01_KI270_11.1.0,1,An. gambiae,Exposed,27,0,11,0,no Plasmodium,,100,38.57,0.101,73.5,0,No Cq,No Cq,69,0
r01_KI270_11.2.0,1,An. gambiae,Exposed,27,0,11,0,no Plasmodium,,100,No Cq,No Cq,65,0,No Cq,No Cq,65,0
r01_KI270_11.3.0,1,An. gambiae,Exposed,27,0,11,0,with Plasmodium,22.45,100,37.13,0.212,73,1,36.92,0.237,73,1
r01_KI270_13.1.0,1,An. gambiae,Exposed,27,0,13,0,no Plasmodium,,100,No Cq,No Cq,65,0,No Cq,No Cq,95,0
r01_KI270_13.2.0,1,An. gambiae,Exposed,27,0,13,0,no Plasmodium,,100,No Cq,No Cq,91.5,0,No Cq,No Cq,69.5,0
r01_KI270_13.3.0,1,An. gambiae,Exposed,27,0,13,0,no Plasmodium,,100,No Cq,No Cq,65,0,No Cq,No Cq,95,0
r01_KI270_15.1.0,1,An. gambiae,Exposed,27,0,15,0,no Plasmodium,,100,No Cq,No Cq,95,0,No Cq,No Cq,90.5,0
r01_KI270_15.2.0,1,An. gambiae,Exposed,27,0,15,0,with Plasmodium,21.35,100,36.73,0.261,73,1,37.61,0.166,72.5,1
r01_KI270_15.3.0,1,An. gambiae,Exposed,27,0,15,0,no Plasmodium,,100,37.51,0.31,70.5,0,No Cq,No Cq,65,0
r01_KI270_15.4.0,1,An. gambiae,Exposed,27,0,15,0,no Plasmodium,,100,No Cq,No Cq,65,0,38.01,0.242,72.5,0
r01_KI270_17.1.0,1,An. gambiae,Exposed,27,0,17,0,no Plasmodium,,100,No Cq,No Cq,95,0,No Cq,No Cq,95,0
r01_KI270_17.2.0,1,An. gambiae,Exposed,27,0,17,0,no Plasmodium,,100,No Cq,No Cq,65,0,No Cq,No Cq,67,0
r01_KI270_17.3.0,1,An. gambiae,Exposed,27,0,17,0,with Plasmodium,32.300000000000004,100,36.75,0.451,72.5,1,38.45,0.195,74,1
r01_KI270_17.4.0,1,An. gambiae,Exposed,27,0,17,0,no Plasmodium,,100,No Cq,No Cq,67.5,0,No Cq,No Cq,65,0
r01_KI270_19.1.0,1,An. gambiae,Exposed,27,0,19,0,no Plasmodium,,100,No Cq,No Cq,65,0,39.41,0.121,65,0
r01_KI270_19.2.0,1,An. gambiae,Exposed,27,0,19,0,with Plasmodium,58.650000000000006,100,36.76,0.449,73.5,1,35.8,0.724,73,1
r01_KI270_19.3.0,1,An. gambiae,Exposed,27,0,19,0,no Plasmodium,,100,No Cq,No Cq,92.5,0,No Cq,No Cq,95,0
r01_KI270_19.4.0,1,An. gambiae,Exposed,27,0,19,0,no Plasmodium,,100,No Cq,No Cq,65,0,No Cq,No Cq,65,0
r01_KI270_21.1.0,1,An. gambiae,Exposed,27,0,21,0,with Plasmodium,2425.0,100,28.79,23.3,72.5,1,28.63,25.2,72.5,1
r01_KI270_21.2.0,1,An. gambiae,Exposed,27,0,21,0,with Plasmodium,27.450000000000003,100,37.34,0.337,73,1,38.28,0.212,72,1
r01_KI270_21.3.0,1,An. gambiae,Exposed,27,0,21,0,no Plasmodium,,100,No Cq,No Cq,65,0,No Cq,No Cq,65,0
r02_KI270_03.1.0,2,An. gambiae,Exposed,27,0,3,0,no Plasmodium,,100,37.25,1.28,76.5,0,35.52,2.89,77,0
r02_KI270_03.2.0,2,An. gambiae,Exposed,27,0,3,0,no Plasmodium,,100,37.46,0.737,No Tm,0,33.18,5.3,No Tm,0
r02_KI270_03.3.0,2,An. gambiae,Exposed,27,0,3,0,no Plasmodium,2025.0,100,31.26,21.6,73,1,31.54,18.9,73,1
r02_KI270_03.4.0,2,An. gambiae,Exposed,27,0,3,0,no Plasmodium,,100,37.76,0.643,No Tm,0,34.42,2.99,No Tm,0
r02_KI270_03.5.0,2,An. gambiae,Exposed,27,0,3,0,no Plasmodium,,100,36,1.45,No Tm,0,35.68,1.68,No Tm,0
r02_KI270_06.1.0,2,An. gambiae,Exposed,27,0,6,0,no Plasmodium,,100,34.99,2.31,No Tm,0,35.37,1.94,No Tm,0
r02_KI270_06.2.0,2,An. gambiae,Exposed,27,0,6,0,no Plasmodium,,100,35.97,1.47,No Tm,0,34.68,2.66,No Tm,0
r02_KI270_06.3.0,2,An. gambiae,Exposed,27,0,6,0,no Plasmodium,,100,No Cq,No Cq,67.5,0,No Cq,No Cq,67,0
r02_KI270_06.4.0,2,An. gambiae,Exposed,27,0,6,0,no Plasmodium,,100,No Cq,No Cq,67.5,0,No Cq,No Cq,70,0
r02_KI270_06.5.0,2,An. gambiae,Exposed,27,0,6,0,no Plasmodium,,100,No Cq,No Cq,65,0,No Cq,No Cq,70.5,0
r02_KI270_09.1.0,2,An. gambiae,Exposed,27,0,9,0,no Plasmodium,,100,No Cq,No Cq,65,0,No Cq,No Cq,68,0
r02_KI270_09.2.0,2,An. gambiae,Exposed,27,0,9,0,no Plasmodium,,100,44.71,0.11,73.5,0,No Cq,No Cq,69.5,0
r02_KI270_09.3.0,2,An. gambiae,Exposed,27,0,9,0,no Plasmodium,,100,36.98,0.923,No Tm,0,35.92,1.5,No Tm,0
r02_KI270_09.4.0,2,An. gambiae,Exposed,27,0,9,0,no Plasmodium,,100,37.48,0.732,No Tm,0,35.61,1.73,No Tm,0
r02_KI270_09.5.0,2,An. gambiae,Exposed,27,0,9,0,no Plasmodium,,100,37.17,0.843,No Tm,0,36.19,1.33,No Tm,0
r02_KI270_11.1.0,2,An. gambiae,Exposed,27,0,11,0,no Plasmodium,,100,No Cq,No Cq,70.5,0,No Cq,No Cq,95,0
r02_KI270_11.2.0,2,An. gambiae,Exposed,27,0,11,0,with Plasmodium,434.5,100,38.57,1.39,72.5,1,34.58,7.3,71,1
r02_KI270_11.3.0,2,An. gambiae,Exposed,27,0,11,0,no Plasmodium,,100,37.66,2.04,73,0,38.83,1.25,73,0
r02_KI270_11.4.0,2,An. gambiae,Exposed,27,0,11,0,no Plasmodium,,100,No Cq,No Cq,95,0,42.39,0.286,70,0
r02_KI270_11.5.0,2,An. gambiae,Exposed,27,0,11,0,no Plasmodium,,100,No Cq,No Cq,73,0,No Cq,No Cq,95,0
r02_KI270_13.1.0,2,An. gambiae,Exposed,27,0,13,0,no Plasmodium,,100,No Cq,No Cq,65,0,41.96,0.343,75,0
r02_KI270_13.2.0,2,An. gambiae,Exposed,27,0,13,0,no Plasmodium,,100,No Cq,No Cq,67.5,0,No Cq,No Cq,72.5,0
r02_KI270_13.3.0,2,An. gambiae,Exposed,27,0,13,0,no Plasmodium,,100,No Cq,No Cq,75.5,0,No Cq,No Cq,71,0
r02_KI270_13.4.0,2,An. gambiae,Exposed,27,0,13,0,no Plasmodium,,100,No Cq,No Cq,68.5,0,No Cq,No Cq,95,0
r02_KI270_13.5.0,2,An. gambiae,Exposed,27,0,13,0,no Plasmodium,,100,No Cq,No Cq,70,0,No Cq,No Cq,68,0
r02_KI270_15.1.0,2,An. gambiae,Exposed,27,0,15,0,no Plasmodium,,100,No Cq,No Cq,95,0,No Cq,No Cq,65,0
r02_KI270_15.2.0,2,An. gambiae,Exposed,27,0,15,0,with Plasmodium,363.5,100,35.01,3.85,72,1,35.25,3.42,72.5,1
r02_KI270_15.3.0,2,An. gambiae,Exposed,27,0,15,0,with Plasmodium,56.25,100,39.14,0.51,72.5,1,38.75,0.615,72.5,1
r02_KI270_15.4.0,2,An. gambiae,Exposed,27,0,15,0,no Plasmodium,,100,No Cq,No Cq,75.5,0,No Cq,No Cq,70.5,0
r02_KI270_15.5.0,2,An. gambiae,Exposed,27,0,15,0,no Plasmodium,,100,No Cq,No Cq,65,0,No Cq,No Cq,65,0
r02_KI270_17.1.0,2,An. gambiae,Exposed,27,0,17,0,with Plasmodium,209.0,100,35.39,1.92,No Tm,1,35.03,2.26,No Tm,1
r02_KI270_17.2.0,2,An. gambiae,Exposed,27,0,17,0,no Plasmodium,,100,No Cq,No Cq,No Tm,0,39.63,0.272,No Tm,0
r02_KI270_17.3.0,2,An. gambiae,Exposed,27,0,17,0,no Plasmodium,,100,No Cq,No Cq,No Tm,0,34.59,2.77,No Tm,0
r02_KI270_17.4.0,2,An. gambiae,Exposed,27,0,17,0,no Plasmodium,,100,No Cq,No Cq,No Tm,0,No Cq,No Cq,No Tm,0
r02_KI270_17.5.0,2,An. gambiae,Exposed,27,0,17,0,no Plasmodium,,100,34.63,2.71,No Tm,0,35.66,1.69,No Tm,0
r02_KI270_19.1.0,2,An. gambiae,Exposed,27,0,19,0,no Plasmodium,,100,37.98,0.581,No Tm,0,38.19,0.528,No Tm,0
r02_KI270_19.2.0,2,An. gambiae,Exposed,27,0,19,0,no Plasmodium,,100,No Cq,No Cq,68.5,0,No Cq,No Cq,69,0
r02_KI270_19.3.0,2,An. gambiae,Exposed,27,0,19,0,no Plasmodium,,100,34.77,17.6,93,0,33.88,23.8,95,0
r02_KI270_19.4.0,2,An. gambiae,Exposed,27,0,19,0,no Plasmodium,,100,No Cq,No Cq,95,0,44.77,0.00184,69,0
r02_KI270_19.5.0,2,An. gambiae,Exposed,27,0,19,0,no Plasmodium,,100,No Cq,No Cq,71.5,0,43.22,0.00477,95,0
r02_KI270_19.6.0,2,An. gambiae,Exposed,27,0,19,0,no Plasmodium,,100,38.5,0.457,No Tm,0,No Cq,No Cq,No Tm,0
r02_KI270_19.7.0,2,An. gambiae,Exposed,27,0,19,0,no Plasmodium,,100,No Cq,No Cq,No Tm,0,37.22,0.827,No Tm,0
r02_KI270_19.8.0,2,An. gambiae,Exposed,27,0,19,0,no Plasmodium,,100,40.35,0.0278,80,0,43.43,0.00419,69.5,0
r02_KI270_19.9.0,2,An. gambiae,Exposed,27,0,19,0,no Plasmodium,,100,44.31,0.00243,68.5,0,No Cq,No Cq,65,0
r02_KI270_19.10.0,2,An. gambiae,Exposed,27,0,19,0,no Plasmodium,,100,No Cq,No Cq,65,0,No Cq,No Cq,65,0
r02_KI270_19.11.0,2,An. gambiae,Exposed,27,0,19,0,no Plasmodium,,100,No Cq,No Cq,70,0,No Cq,No Cq,69,0
r02_KI270_19.12.0,2,An. gambiae,Exposed,27,0,19,0,no Plasmodium,,100,No Cq,No Cq,73,0,No Cq,No Cq,95,0
r02_KI270_19.13.0,2,An. gambiae,Exposed,27,0,19,0,no Plasmodium,,100,No Cq,No Cq,67.5,0,No Cq,No Cq,65,0
r02_KI276_03.1.0,2,An. gambiae,Exposed,27,6,3,0,no Plasmodium,,100,35.08,3.55,81,0,39.15,0.519,75,0
r02_KI276_03.2.0,2,An. gambiae,Exposed,27,6,3,0,no Plasmodium,902.0,100,33.09,9.08,73,1,33.12,8.96,73.5,1
r02_KI276_03.3.0,2,An. gambiae,Exposed,27,6,3,0,no Plasmodium,1230.0,100,32.66,11.1,73.5,1,32.26,13.5,73,1
r02_KI276_03.4.0,2,An. gambiae,Exposed,27,6,3,0,no Plasmodium,2529.9999999999995,100,31.56,18.7,73,1,30.44,31.9,73,1
r02_KI276_03.5.0,2,An. gambiae,Exposed,27,6,3,0,no Plasmodium,,100,35.2,3.36,69.5,0,36.63,1.71,77,0
r02_KI276_06.1.0,2,An. gambiae,Exposed,27,6,6,0,no Plasmodium,,100,33.4,7.87,73.5,0,35.43,3.01,74,0
r02_KI276_06.2.0,2,An. gambiae,Exposed,27,6,6,0,no Plasmodium,,100,35.97,2.33,80,0,35.18,3.4,76,0
r02_KI276_06.3.0,2,An. gambiae,Exposed,27,6,6,0,no Plasmodium,,100,35.07,2.22,No Tm,0,36.68,1.06,No Tm,0
r02_KI276_06.4.0,2,An. gambiae,Exposed,27,6,6,0,no Plasmodium,,100,34.48,4.71,75.5,0,34.92,3.83,75,0
r02_KI276_06.5.0,2,An. gambiae,Exposed,27,6,6,0,no Plasmodium,,100,35.82,2.5,77,0,36,2.31,72,0
r02_KI276_09.1.0,2,An. gambiae,Exposed,27,6,9,0,no Plasmodium,,100,33.88,6.25,81,0,34.38,4.95,73,0
r02_KI276_09.2.0,2,An. gambiae,Exposed,27,6,9,0,with Plasmodium,831.5,100,33.96,6.03,72.5,1,32.77,10.6,73,1
r02_KI276_09.3.0,2,An. gambiae,Exposed,27,6,9,0,no Plasmodium,,100,36.75,1.02,No Tm,0,36.02,1.43,No Tm,0
r02_KI276_09.4.0,2,An. gambiae,Exposed,27,6,9,0,no Plasmodium,,100,37.15,0.852,No Tm,0,36.67,1.06,No Tm,0
r02_KI276_09.5.0,2,An. gambiae,Exposed,27,6,9,0,no Plasmodium,,100,33.81,6.49,76.5,0,35.52,2.88,74,0
r02_KI276_11.1.0,2,An. gambiae,Exposed,27,6,11,0,no Plasmodium,,100,39.06,0.543,76,0,39.24,0.497,73.5,0
r02_KI276_11.2.0,2,An. gambiae,Exposed,27,6,11,0,no Plasmodium,,100,36.3,2,81,0,36.57,1.76,76.5,0
r02_KI276_11.3.0,2,An. gambiae,Exposed,27,6,11,0,with Plasmodium,473.49999999999994,100,35.78,2.55,72,1,33.67,6.92,73,1
r02_KI276_11.4.0,2,An. gambiae,Exposed,27,6,11,0,no Plasmodium,,100,39.51,0.288,No Tm,0,34.11,3.46,No Tm,0
r02_KI276_11.5.0,2,An. gambiae,Exposed,27,6,11,0,no Plasmodium,,100,36.22,2.07,76.5,0,34.96,3.76,74.5,0
r02_KI276_13.1.0,2,An. gambiae,Exposed,27,6,13,0,no Plasmodium,,100,39.44,0.297,No Tm,0,No Cq,No Cq,No Tm,0
r02_KI276_13.2.0,2,An. gambiae,Exposed,27,6,13,0,no Plasmodium,,100,No Cq,No Cq,No Tm,0,36.54,1.13,No Tm,0
r02_KI276_13.3.0,2,An. gambiae,Exposed,27,6,13,0,no Plasmodium,,100,34.9,3.87,73.5,0,34.16,5.5,73.5,0
r02_KI276_13.4.0,2,An. gambiae,Exposed,27,6,13,0,no Plasmodium,,100,37.27,1.26,79.5,0,38.55,0.69,76.5,0
r02_KI276_13.5.0,2,An. gambiae,Exposed,27,6,13,0,no Plasmodium,,100,35.86,1.55,No Tm,0,35.63,1.71,No Tm,0
r02_KI276_15.1.0,2,An. gambiae,Exposed,27,6,15,0,no Plasmodium,,100,35.84,1.56,No Tm,0,37.31,0.792,No Tm,0
r02_KI276_15.2.0,2,An. gambiae,Exposed,27,6,15,0,no Plasmodium,,100,39.25,0.826,72.5,0,44.28,0.0819,68,0
r02_KI276_15.3.0,2,An. gambiae,Exposed,27,6,15,0,no Plasmodium,,100,35.96,1.48,No Tm,0,37.14,0.855,No Tm,0
r02_KI276_15.4.0,2,An. gambiae,Exposed,27,6,15,0,no Plasmodium,,100,35.33,5.01,74,0,37.36,1.96,74.5,0
r02_KI276_15.5.0,2,An. gambiae,Exposed,27,6,15,0,with Plasmodium,1370.0,100,33.82,10,74,1,32.62,17.4,73.5,1
r02_KI276_17.1.0,2,An. gambiae,Exposed,27,6,17,0,with Plasmodium,405.5,100,35.54,4.54,72,1,36.07,3.57,73,1
r02_KI276_17.2.0,2,An. gambiae,Exposed,27,6,17,0,no Plasmodium,,100,35.92,2.39,76,0,No Cq,No Cq,69,0
r02_KI276_17.3.0,2,An. gambiae,Exposed,27,6,17,0,no Plasmodium,,100,38.61,0.671,71,0,38.75,0.627,78,0
r02_KI276_17.4.0,2,An. gambiae,Exposed,27,6,17,0,no Plasmodium,,100,37.23,1.29,81,0,36.26,2.03,77,0
r02_KI276_17.5.0,2,An. gambiae,Exposed,27,6,17,0,no Plasmodium,,100,36.98,1.45,79.5,0,37.2,1.3,75,0
r02_KI276_19.1.0,2,An. gambiae,Exposed,27,6,19,0,no Plasmodium,,100,35.94,1.49,No Tm,0,36.98,0.923,No Tm,0
r02_KI276_19.2.0,2,An. gambiae,Exposed,27,6,19,0,no Plasmodium,,100,38.51,0.703,73.5,0,37.93,0.926,76,0
r02_KI276_19.3.0,2,An. gambiae,Exposed,27,6,19,0,no Plasmodium,,100,36.99,1.44,73,0,38.02,0.886,73.5,0
r02_KI276_19.4.0,2,An. gambiae,Exposed,27,6,19,0,no Plasmodium,,100,38.9,0.38,No Tm,0,37.58,0.699,No Tm,0
r02_KI276_19.5.0,2,An. gambiae,Exposed,27,6,19,0,with Plasmodium,124.0,100,37.3,1.25,73.5,1,37.32,1.23,73,1
r02_KI276_19.6.0,2,An. gambiae,Exposed,27,6,19,0,no Plasmodium,,100,37.46,1.16,71.5,0,38.35,0.758,73,0
r02_KI276_19.7.0,2,An. gambiae,Exposed,27,6,19,0,no Plasmodium,,100,38.19,0.818,80.5,0,41.24,0.193,76,0
r02_KI276_19.8.0,2,An. gambiae,Exposed,27,6,19,0,no Plasmodium,,100,38.31,0.499,No Tm,0,No Cq,No Cq,No Tm,0
r02_KI276_19.9.0,2,An. gambiae,Exposed,27,6,19,0,no Plasmodium,,100,36.44,1.18,No Tm,0,No Cq,No Cq,No Tm,0
r02_KI276_19.10.0,2,An. gambiae,Exposed,27,6,19,0,no Plasmodium,,100,36.31,3.55,73,0,No Cq,No Cq,69.5,0
r02_KI276_19.11.0,2,An. gambiae,Exposed,27,6,19,0,no Plasmodium,,100,38.33,0.494,No Tm,0,No Cq,No Cq,No Tm,0
r02_KI276_19.12.0,2,An. gambiae,Exposed,27,6,19,0,no Plasmodium,,100,38.75,0.407,No Tm,0,36.86,0.976,No Tm,0
r02_KI276_19.13.0,2,An. gambiae,Exposed,27,6,19,0,no Plasmodium,,100,No Cq,No Cq,65,0,No Cq,No Cq,95,0
r02_KI276_19.14.0,2,An. gambiae,Exposed,27,6,19,0,no Plasmodium,,100,43.93,0.151,65,0,No Cq,No Cq,95,0
r02_KI276_19.15.0,2,An. gambiae,Exposed,27,6,19,0,no Plasmodium,,100,43.6,0.174,95,0,No Cq,No Cq,95,0
r02_KI276_19.16.0,2,An. gambiae,Exposed,27,6,19,0,no Plasmodium,,100,No Cq,No Cq,65,0,No Cq,No Cq,67,0
r02_KI276_19.17.0,2,An. gambiae,Exposed,27,6,19,0,no Plasmodium,,100,43.82,0.159,95,0,No Cq,No Cq,95,0
r02_KI276_19.18.0,2,An. gambiae,Exposed,27,6,19,0,with Plasmodium,573.0,100,34.81,6.64,73,1,35.58,4.82,73,1
r02_KI276_19.19.0,2,An. gambiae,Exposed,27,6,19,0,no Plasmodium,,100,No Cq,No Cq,65,0,No Cq,No Cq,95,0
r02_KI276_19.20.0,2,An. gambiae,Exposed,27,6,19,0,no Plasmodium,,100,No Cq,No Cq,67.5,0,42.05,0.33,71,0
r02_KI276_19.21.0,2,An. gambiae,Exposed,27,6,19,0,no Plasmodium,,100,No Cq,No Cq,75,0,No Cq,No Cq,95,0
r02_KI276_19.22.0,2,An. gambiae,Exposed,27,6,19,0,no Plasmodium,,100,No Cq,No Cq,65,0,No Cq,No Cq,67.5,0
r02_KI276_19.23.0,2,An. gambiae,Exposed,27,6,19,0,with Plasmodium,764.0,100,34.13,8.77,73,1,34.85,6.51,72.5,1
r02_KI276_19.24.0,2,An. gambiae,Exposed,27,6,19,0,no Plasmodium,,100,38.51,0.456,No Tm,0,37.17,0.843,No Tm,0
r02_KI276_19.25.0,2,An. gambiae,Exposed,27,6,19,0,no Plasmodium,,100,No Cq,No Cq,95,0,42.93,0.229,95,0
r02_KI276_19.26.0,2,An. gambiae,Exposed,27,6,19,0,no Plasmodium,,100,No Cq,No Cq,65,0,No Cq,No Cq,95,0
r02_KI276_19.27.0,2,An. gambiae,Exposed,27,6,19,0,with Plasmodium,3925.0,100,32.02,16.7,74,1,29.35,61.8,73.5,1
r02_KI276_19.28.0,2,An. gambiae,Exposed,27,6,19,0,no Plasmodium,,100,No Cq,No Cq,No Tm,0,No Cq,No Cq,No Tm,0
r02_KI276_19.29.0,2,An. gambiae,Exposed,27,6,19,0,no Plasmodium,,100,40.43,0.271,77.5,0,No Cq,No Cq,72.5,0
r02_KI276_19.30.0,2,An. gambiae,Exposed,27,6,19,0,with Plasmodium,371.0,100,35.46,3.09,74,1,34.77,4.33,73,1
r02_KI276_19.31.0,2,An. gambiae,Exposed,27,6,19,0,no Plasmodium,,100,35.46,13.9,95,0,35.53,13.5,95,0
r02_KI276_19.32.0,2,An. gambiae,Exposed,27,6,19,0,no Plasmodium,,100,No Cq,No Cq,91,0,No Cq,No Cq,68,0
r02_KI276_19.33.0,2,An. gambiae,Exposed,27,6,19,0,no Plasmodium,,100,42.91,0.0799,77,0,42.66,0.0906,76,0
r02_KI276_19.34.0,2,An. gambiae,Exposed,27,6,19,0,with Plasmodium,225.75000000000003,100,34.81,4.24,75,1,40.39,0.275,69.5,1
r02_KI276_19.35.0,2,An. gambiae,Exposed,27,6,19,0,with Plasmodium,166.15,100,38.45,0.713,73,1,35.8,2.61,73,1
r02_KI276_19.36.0,2,An. gambiae,Exposed,27,6,19,0,no Plasmodium,,100,34.94,16.6,95,0,37.65,6.56,92.5,0
r02_KI276_19.37.0,2,An. gambiae,Exposed,27,6,19,0,no Plasmodium,,100,No Cq,No Cq,65,0,No Cq,No Cq,72,0
r02_KI276_19.38.0,2,An. gambiae,Exposed,27,6,19,0,no Plasmodium,,100,No Cq,No Cq,67,0,42.46,0.0999,76.5,0
r02_KI276_19.39.0,2,An. gambiae,Exposed,27,6,19,0,no Plasmodium,,100,34.83,17.2,74,0,36.06,11.3,76,0
r02_KI276_19.40.0,2,An. gambiae,Exposed,27,6,19,0,no Plasmodium,,100,35.41,14.1,69.5,0,35.34,14.4,75,0
r02_KI276_19.41.0,2,An. gambiae,Exposed,27,6,19,0,no Plasmodium,,100,34.76,17.6,95,0,35.47,13.8,95,0
r02_KI276_19.42.0,2,An. gambiae,Exposed,27,6,19,0,no Plasmodium,,100,No Cq,No Cq,65,0,No Cq,No Cq,95,0
r02_KI276_19.43.0,2,An. gambiae,Exposed,27,6,19,0,with Plasmodium,38.3,100,36.8,0.245,71.5,1,35.58,0.521,71,1
r02_KI276_19.44.0,2,An. gambiae,Exposed,27,6,19,0,no Plasmodium,,100,39.99,0.0346,68.5,0,No Cq,No Cq,95,0
r02_KI276_19.45.0,2,An. gambiae,Exposed,27,6,19,0,no Plasmodium,,100,No Cq,No Cq,67.5,0,No Cq,No Cq,65,0
r02_KI276_19.46.0,2,An. gambiae,Exposed,27,6,19,0,no Plasmodium,,100,42.59,0.00699,95,0,42.96,0.00559,73.5,0
r02_KI276_19.47.0,2,An. gambiae,Exposed,27,6,19,0,no Plasmodium,,100,No Cq,No Cq,65,0,43.33,0.00444,95,0
r02_KI276_19.48.0,2,An. gambiae,Exposed,27,6,19,0,no Plasmodium,,100,No Cq,No Cq,95,0,No Cq,No Cq,95,0
r02_KI276_19.49.0,2,An. gambiae,Exposed,27,6,19,0,no Plasmodium,,100,No Cq,No Cq,65,0,No Cq,No Cq,95,0
r02_KI276_19.50.0,2,An. gambiae,Exposed,27,6,19,0,no Plasmodium,,100,No Cq,No Cq,95,0,No Cq,No Cq,91.5,0
r02_KI276_19.51.0,2,An. gambiae,Exposed,27,6,19,0,no Plasmodium,,100,No Cq,No Cq,65,0,No Cq,No Cq,65,0
r02_KI276_19.52.0,2,An. gambiae,Exposed,27,6,19,0,no Plasmodium,,100,No Cq,No Cq,95,0,No Cq,No Cq,68.5,0
r02_CI276_03.1.0,2,An. coluzzii,Exposed,27,6,3,0,no Plasmodium,,100,No Cq,No Cq,74.5,0,No Cq,No Cq,95,0
r02_CI276_03.2.0,2,An. coluzzii,Exposed,27,6,3,0,no Plasmodium,,100,No Cq,No Cq,95,0,No Cq,No Cq,67,0
r02_CI276_03.3.0,2,An. coluzzii,Exposed,27,6,3,0,no Plasmodium,,100,No Cq,No Cq,72,0,42.53,0.27,79,0
r02_CI276_03.4.0,2,An. coluzzii,Exposed,27,6,3,0,no Plasmodium,,100,No Cq,No Cq,95,0,No Cq,No Cq,65,0
r02_CI276_03.5.0,2,An. coluzzii,Exposed,27,6,3,0,no Plasmodium,250.0,100,34.7,4.48,74,1,39.1,0.52,75,1
r02_CI276_06.1.0,2,An. coluzzii,Exposed,27,6,6,0,no Plasmodium,,100,40.26,0.294,77.5,0,No Cq,No Cq,95,0
r02_CI276_06.2.0,2,An. coluzzii,Exposed,27,6,6,0,no Plasmodium,,100,40.26,0.293,80,0,No Cq,No Cq,69.5,0
r02_CI276_06.3.0,2,An. coluzzii,Exposed,27,6,6,0,no Plasmodium,,100,37.5,1.14,74.5,0,No Cq,No Cq,92.5,0
r02_CI276_06.4.0,2,An. coluzzii,Exposed,27,6,6,0,no Plasmodium,400.0,100,35.72,2.73,74.5,1,34.37,5.27,73.5,1
r02_CI276_06.5.0,2,An. coluzzii,Exposed,27,6,6,0,no Plasmodium,,100,37.77,0.996,74,0,39.32,0.466,77,0
r02_CI276_09.1.0,2,An. coluzzii,Exposed,27,6,9,0,no Plasmodium,,100,37.16,1.35,73.5,0,No Cq,No Cq,65,0
r02_CI276_09.2.0,2,An. coluzzii,Exposed,27,6,9,0,no Plasmodium,,100,No Cq,No Cq,92.5,0,No Cq,No Cq,95,0
r02_CI276_09.3.0,2,An. coluzzii,Exposed,27,6,9,0,with Plasmodium,144.6,100,36.44,1.91,74,1,37.8,0.982,72.5,1
r02_CI276_09.4.0,2,An. coluzzii,Exposed,27,6,9,0,no Plasmodium,,100,35.56,2.94,73,0,44.62,0.0346,75,0
r02_CI276_09.5.0,2,An. coluzzii,Exposed,27,6,9,0,no Plasmodium,,100,No Cq,No Cq,67.5,0,No Cq,No Cq,72.5,0
r02_CI276_11.1.0,2,An. coluzzii,Exposed,27,6,11,0,no Plasmodium,,100,No Cq,No Cq,67.5,0,No Cq,No Cq,68.5,0
r02_CI276_11.2.0,2,An. coluzzii,Exposed,27,6,11,0,no Plasmodium,,100,35.71,12.7,68.5,0,34.02,22.7,95,0
r02_CI276_11.3.0,2,An. coluzzii,Exposed,27,6,11,0,no Plasmodium,,100,No Cq,No Cq,69,0,No Cq,No Cq,95,0
r02_CI276_11.4.0,2,An. coluzzii,Exposed,27,6,11,0,no Plasmodium,,100,No Cq,No Cq,95,0,No Cq,No Cq,65,0
r02_CI276_11.5.0,2,An. coluzzii,Exposed,27,6,11,0,no Plasmodium,,100,No Cq,No Cq,67.5,0,No Cq,No Cq,67.5,0
r02_CI276_13.1.0,2,An. coluzzii,Exposed,27,6,13,0,no Plasmodium,,100,No Cq,No Cq,65,0,No Cq,No Cq,77,0
r02_CI276_13.2.0,2,An. coluzzii,Exposed,27,6,13,0,no Plasmodium,,100,No Cq,No Cq,65,0,No Cq,No Cq,65,0
r02_CI276_13.3.0,2,An. coluzzii,Exposed,27,6,13,0,no Plasmodium,,100,No Cq,No Cq,72,0,No Cq,No Cq,68,0
r02_CI276_13.4.0,2,An. coluzzii,Exposed,27,6,13,0,no Plasmodium,,100,No Cq,No Cq,95,0,No Cq,No Cq,65,0
r02_CI276_13.5.0,2,An. coluzzii,Exposed,27,6,13,0,no Plasmodium,,100,No Cq,No Cq,72,0,No Cq,No Cq,95,0
r02_CI276_15.1.0,2,An. coluzzii,Exposed,27,6,15,0,no Plasmodium,,100,No Cq,No Cq,95,0,No Cq,No Cq,65,0
r02_CI276_15.2.0,2,An. coluzzii,Exposed,27,6,15,0,no Plasmodium,,100,No Cq,No Cq,65,0,No Cq,No Cq,95,0
r02_CI276_15.3.0,2,An. coluzzii,Exposed,27,6,15,0,no Plasmodium,,100,No Cq,No Cq,65,0,No Cq,No Cq,67.5,0
r02_CI276_15.4.0,2,An. coluzzii,Exposed,27,6,15,0,no Plasmodium,,100,No Cq,No Cq,95,0,44.75,0.00186,95,0
r02_KC270_03.1.0,2,An. gambiae,Control,27,0,3,0,no Plasmodium,,100,No Cq,No Cq,68,0,No Cq,No Cq,95,0
r02_KC270_11.1.0,2,An. gambiae,Control,27,0,11,0,no Plasmodium,,100,No Cq,No Cq,95,0,No Cq,No Cq,92,0
r02_KC270_19.1.0,2,An. gambiae,Control,27,0,19,0,no Plasmodium,,100,34.46,4.77,70.5,0,No Cq,No Cq,77.5,0
r02_KC276_03.1.0,2,An. gambiae,Control,27,6,3,0,no Plasmodium,,100,No Cq,No Cq,95,0,No Cq,No Cq,80,0
r02_KC276_11.1.0,2,An. gambiae,Control,27,6,11,0,no Plasmodium,,100,No Cq,No Cq,95,0,No Cq,No Cq,95,0
r02_KC276_19.1.0,2,An. gambiae,Control,27,6,19,0,no Plasmodium,,100,No Cq,No Cq,71.5,0,No Cq,No Cq,95,0
r02_CC276_03.1.0,2,An. coluzzii,Control,27,6,3,0,no Plasmodium,,100,No Cq,No Cq,95,0,No Cq,No Cq,67.5,0
r02_CC276_11.1.0,2,An. coluzzii,Control,27,6,11,0,no Plasmodium,,100,No Cq,No Cq,67,0,No Cq,No Cq,65,0
r02_CC276_17.1.0,2,An. coluzzii,Control,27,6,17,0,no Plasmodium,,100,No Cq,No Cq,95,0,No Cq,No Cq,65,0
r03_CI270_03.1.0,3,An. coluzzii,Exposed,27,0,3,0,no Plasmodium,,100,38.91,3.72,95,0,34.93,19.4,76,0
r03_CI270_03.2.0,3,An. coluzzii,Exposed,27,0,3,0,no Plasmodium,,100,34.99,16.3,75.5,0,37.4,7.14,65,0
r03_CI270_03.3.0,3,An. coluzzii,Exposed,27,0,3,0,no Plasmodium,,100,35.1,18.1,73.5,0,37.85,5.78,92.5,0
r03_CI270_03.4.0,3,An. coluzzii,Exposed,27,0,3,0,no Plasmodium,,100,37.29,7.29,76.5,0,34.72,21.1,75,0
r03_CI270_03.5.0,3,An. coluzzii,Exposed,27,0,3,0,no Plasmodium,,100,38.13,5.55,91,0,No Cq,No Cq,69,0
r03_CI270_03.6.0,3,An. coluzzii,Exposed,27,0,3,0,no Plasmodium,,100,34.92,19.5,76.5,0,35.8,13.5,77,0
r03_CI270_06.1.0,3,An. coluzzii,Exposed,27,0,6,0,no Plasmodium,,100,33.97,28.9,77,0,33.48,35.4,75,0
r03_CI270_06.2.0,3,An. coluzzii,Exposed,27,0,6,0,no Plasmodium,,100,No Cq,No Cq,95,0,35.27,14.8,74,0
r03_CI270_06.3.0,3,An. coluzzii,Exposed,27,0,6,0,no Plasmodium,,100,35.59,14.8,95,0,35.72,14,77.5,0
r03_CI270_06.4.0,3,An. coluzzii,Exposed,27,0,6,0,no Plasmodium,,100,33.95,29.1,77,0,33.5,35.1,74,0
r03_CI270_06.5.0,3,An. coluzzii,Exposed,27,0,6,0,no Plasmodium,,100,35.18,15.3,92,0,34.05,22.5,74,0
r03_CI270_06.6.0,3,An. coluzzii,Exposed,27,0,6,0,no Plasmodium,,100,33.55,34.4,76.5,0,34.56,22.7,77,0
r03_CI270_09.1.0,3,An. coluzzii,Exposed,27,0,9,0,no Plasmodium,,100,34.92,19.5,77,0,35.33,16.5,76.5,0
r03_CI270_09.2.0,3,An. coluzzii,Exposed,27,0,9,0,no Plasmodium,,100,36.12,11.8,70,0,34.19,26.4,76.5,0
r03_CI270_09.3.0,3,An. coluzzii,Exposed,27,0,9,0,no Plasmodium,,100,37.32,7.33,74,0,35.47,13.8,78,0
r03_CI270_09.4.0,3,An. coluzzii,Exposed,27,0,9,0,no Plasmodium,,100,39.95,2.98,68.5,0,36.47,9.83,76.5,0
r03_CI270_09.5.0,3,An. coluzzii,Exposed,27,0,9,0,no Plasmodium,,100,35.64,14.4,75,0,35.96,12.7,73.5,0
r03_CI270_09.6.0,3,An. coluzzii,Exposed,27,0,9,0,no Plasmodium,,100,36.24,11.3,72,0,38.73,4,76.5,0
r03_CI270_11.1.0,3,An. coluzzii,Exposed,27,0,11,0,no Plasmodium,,100,36.42,10,71,0,33.64,25.9,73.5,0
r03_CI270_11.2.0,3,An. coluzzii,Exposed,27,0,11,0,no Plasmodium,,100,37.82,5.85,77,0,36.81,8.87,81,0
r03_CI270_11.3.0,3,An. coluzzii,Exposed,27,0,11,0,with Plasmodium,942.0,100,36.51,10.1,73.5,1,36.85,8.74,73.5,1
r03_CI270_11.4.0,3,An. coluzzii,Exposed,27,0,11,0,with Plasmodium,1210.0000000000002,100,35.83,13.4,73.5,1,36.33,10.8,74,1
r03_CI270_11.5.0,3,An. coluzzii,Exposed,27,0,11,0,no Plasmodium,,100,No Cq,No Cq,92,0,No Cq,No Cq,92,0
r03_CI270_11.6.0,3,An. coluzzii,Exposed,27,0,11,0,with Plasmodium,1092.5,100,35.77,13.7,71,1,37.02,8.15,73,1
r03_CI270_13.1.0,3,An. coluzzii,Exposed,27,0,13,0,no Plasmodium,,100,No Cq,No Cq,72,0,No Cq,No Cq,67,0
r03_CI270_13.2.0,3,An. coluzzii,Exposed,27,0,13,0,no Plasmodium,,100,No Cq,No Cq,92,0,37.53,6.82,73.5,0
r03_CI270_13.3.0,3,An. coluzzii,Exposed,27,0,13,0,with Plasmodium,534.5000000000001,100,37.38,7.03,74.5,1,38.95,3.66,73,1
r03_CI270_13.4.0,3,An. coluzzii,Exposed,27,0,13,0,with Plasmodium,554.5,100,38.4,4.6,73.5,1,37.57,6.49,73,1
r03_CI270_13.5.0,3,An. coluzzii,Exposed,27,0,13,0,no Plasmodium,,100,36.7,9.09,75,0,37.08,7.98,76.5,0
r03_CI270_13.6.0,3,An. coluzzii,Exposed,27,0,13,0,no Plasmodium,,100,38.83,4.38,91.5,0,36.39,10.1,77.5,0
r03_CI270_15.1.0,3,An. coluzzii,Exposed,27,0,15,0,with Plasmodium,153.5,100,42.77,0.75,72.5,1,40.05,2.32,73,1
r03_CI270_15.2.0,3,An. coluzzii,Exposed,27,0,15,0,no Plasmodium,,100,No Cq,No Cq,72,0,No Cq,No Cq,95,0
r03_CI270_15.3.0,3,An. coluzzii,Exposed,27,0,15,0,no Plasmodium,,100,36.69,9.12,68.5,0,No Cq,No Cq,93,0
r03_CI270_15.4.0,3,An. coluzzii,Exposed,27,0,15,0,no Plasmodium,,100,36.73,8.97,74.5,0,35.44,14,92.5,0
r03_CI270_15.5.0,3,An. coluzzii,Exposed,27,0,15,0,no Plasmodium,,100,41.46,1.29,76,0,39.11,3.43,85,0
r03_CI270_15.6.0,3,An. coluzzii,Exposed,27,0,15,0,no Plasmodium,,100,No Cq,No Cq,67,0,No Cq,No Cq,72.5,0
r03_CI270_17.1.0,3,An. coluzzii,Exposed,27,0,17,0,no Plasmodium,,100,39.8,3.14,68,0,39.16,3.91,91.5,0
r03_CI270_17.2.0,3,An. coluzzii,Exposed,27,0,17,0,no Plasmodium,,100,No Cq,No Cq,93,0,No Cq,No Cq,75,0
r03_CI270_17.3.0,3,An. coluzzii,Exposed,27,0,17,0,no Plasmodium,,100,36.79,8.81,95,0,36.32,10.4,75.5,0
r03_CI270_17.4.0,3,An. coluzzii,Exposed,27,0,17,0,no Plasmodium,,100,43.78,0.493,80,0,44.64,0.345,95,0
r03_CI270_17.5.0,3,An. coluzzii,Exposed,27,0,17,0,no Plasmodium,,100,43.46,0.563,75.5,0,No Cq,No Cq,70,0
r03_CI270_17.6.0,3,An. coluzzii,Exposed,27,0,17,0,no Plasmodium,,100,32.78,1.95,71.5,0,33.15,1.61,70.5,0
r03_CI270_19.1.0,3,An. coluzzii,Exposed,27,0,19,0,no Plasmodium,,100,34.12,28.8,76.5,0,34.93,19,77.5,0
r03_CI270_19.2.0,3,An. coluzzii,Exposed,27,0,19,0,no Plasmodium,,100,35.78,12.2,77,0,32.77,57.5,77,0
r03_CI270_19.3.0,3,An. coluzzii,Exposed,27,0,19,0,no Plasmodium,,100,No Cq,No Cq,70,0,37.09,6.23,69.5,0
r03_CI270_19.4.0,3,An. coluzzii,Exposed,27,0,19,0,no Plasmodium,,100,No Cq,No Cq,95,0,39.76,1.58,70,0
r03_CI270_19.5.0,3,An. coluzzii,Exposed,27,0,19,0,no Plasmodium,,100,34.88,19.5,71,0,37.67,4.63,65,0
r03_CI270_19.6.0,3,An. coluzzii,Exposed,27,0,19,0,no Plasmodium,,100,33.34,42.9,76.5,0,34.56,23,70,0
r03_CI276_03.1.0,3,An. coluzzii,Exposed,27,6,3,0,no Plasmodium,,100,32.63,61.9,76.5,0,32.47,67.1,76.5,0
r03_CI276_03.2.0,3,An. coluzzii,Exposed,27,6,3,0,no Plasmodium,4350.0,100,33.45,40.5,73.5,1,33.19,46.5,75.5,1
r03_CI276_03.3.0,3,An. coluzzii,Exposed,27,6,3,0,no Plasmodium,,100,33.34,43,75.5,0,33.53,39,77,0
r03_CI276_03.4.0,3,An. coluzzii,Exposed,27,6,3,0,no Plasmodium,,100,36.68,9.14,68.5,0,35.57,13.3,78.5,0
r03_CI276_03.5.0,3,An. coluzzii,Exposed,27,6,3,0,no Plasmodium,,100,32.69,60,74.5,0,32.98,51.8,74,0
r03_CI276_03.6.0,3,An. coluzzii,Exposed,27,6,3,0,no Plasmodium,5150.0,100,33.85,33,76,1,32.39,70,75.5,1
r03_CI276_06.1.0,3,An. coluzzii,Exposed,27,6,6,0,no Plasmodium,,100,35.51,14,73.5,0,36.36,9.07,73.5,0
r03_CI276_06.2.0,3,An. coluzzii,Exposed,27,6,6,0,no Plasmodium,,100,35.04,17.9,76.5,0,34.53,23.3,77,0
r03_CI276_06.3.0,3,An. coluzzii,Exposed,27,6,6,0,no Plasmodium,,100,34.99,18.4,73.5,0,35.92,11.4,74,0
r03_CI276_06.4.0,3,An. coluzzii,Exposed,27,6,6,0,no Plasmodium,,100,34.4,24.8,77,0,34.4,24.9,74.5,0
r03_CI276_06.5.0,3,An. coluzzii,Exposed,27,6,6,0,no Plasmodium,,100,35.65,13.1,76.5,0,35.13,17.1,95,0
r03_CI276_06.6.0,3,An. coluzzii,Exposed,27,6,6,0,no Plasmodium,,100,35.62,13.3,74,0,35.81,12,72.5,0
r03_CI276_09.1.0,3,An. coluzzii,Exposed,27,6,9,0,no Plasmodium,,100,35.51,14.1,73.5,0,34.13,28.7,76,0
r03_CI276_09.2.0,3,An. coluzzii,Exposed,27,6,9,0,no Plasmodium,,100,36.65,7.81,77,0,34.44,24.3,75.5,0
r03_CI276_09.3.0,3,An. coluzzii,Exposed,27,6,9,0,no Plasmodium,,100,No Cq,No Cq,69,0,No Cq,No Cq,90,0
r03_CI276_09.4.0,3,An. coluzzii,Exposed,27,6,9,0,no Plasmodium,,100,No Cq,No Cq,91,0,38.15,5.53,95,0
r03_CI276_09.5.0,3,An. coluzzii,Exposed,27,6,9,0,no Plasmodium,,100,37.62,4.74,72.5,0,35.75,12.4,75,0
r03_CI276_09.6.0,3,An. coluzzii,Exposed,27,6,9,0,no Plasmodium,,100,38.32,3.32,95,0,No Cq,No Cq,95,0
r03_CI276_11.1.0,3,An. coluzzii,Exposed,27,6,11,0,no Plasmodium,,100,38.35,3.27,72,0,39.08,2.24,77,0
r03_CI276_11.2.0,3,An. coluzzii,Exposed,27,6,11,0,no Plasmodium,,100,37.31,5.58,77,0,37.38,5.39,70.5,0
r03_CI276_11.3.0,3,An. coluzzii,Exposed,27,6,11,0,with Plasmodium,1483.0000000000002,100,36.26,9.56,73,1,34.82,20.1,72.5,1
r03_CI276_11.4.0,3,An. coluzzii,Exposed,27,6,11,0,no Plasmodium,,100,No Cq,No Cq,95,0,No Cq,No Cq,92.5,0
r03_CI276_11.5.0,3,An. coluzzii,Exposed,27,6,11,0,no Plasmodium,,100,No Cq,No Cq,65,0,No Cq,No Cq,75.5,0
r03_CI276_11.6.0,3,An. coluzzii,Exposed,27,6,11,0,no Plasmodium,,100,39.01,2.33,77,0,No Cq,No Cq,68.5,0
r03_CI276_13.1.0,3,An. coluzzii,Exposed,27,6,13,0,no Plasmodium,,100,No Cq,No Cq,68.5,0,No Cq,No Cq,67.5,0
r03_CI276_13.2.0,3,An. coluzzii,Exposed,27,6,13,0,no Plasmodium,,100,No Cq,No Cq,77,0,39.35,1.95,68.5,0
r03_CI276_13.3.0,3,An. coluzzii,Exposed,27,6,13,0,no Plasmodium,,100,38.27,5.31,74.5,0,38.47,4.94,95,0
r03_CI276_13.4.0,3,An. coluzzii,Exposed,27,6,13,0,no Plasmodium,,100,38.25,3.44,73.5,0,No Cq,No Cq,95,0
r03_CI276_13.5.0,3,An. coluzzii,Exposed,27,6,13,0,no Plasmodium,,100,No Cq,No Cq,91.5,0,No Cq,No Cq,93,0
r03_CI276_13.6.0,3,An. coluzzii,Exposed,27,6,13,0,no Plasmodium,,100,No Cq,No Cq,77.5,0,No Cq,No Cq,95,0
r03_CI276_15.1.0,3,An. coluzzii,Exposed,27,6,15,0,no Plasmodium,,100,No Cq,No Cq,95,0,No Cq,No Cq,71.5,0
r03_CI276_15.2.0,3,An. coluzzii,Exposed,27,6,15,0,no Plasmodium,,100,No Cq,No Cq,78,0,No Cq,No Cq,70,0
r03_CI276_15.3.0,3,An. coluzzii,Exposed,27,6,15,0,no Plasmodium,,100,No Cq,No Cq,65,0,No Cq,No Cq,65,0
r03_CI276_15.4.0,3,An. coluzzii,Exposed,27,6,15,0,no Plasmodium,,100,39.91,1.46,73.5,0,No Cq,No Cq,95,0
r03_CI276_15.5.0,3,An. coluzzii,Exposed,27,6,15,0,no Plasmodium,,100,No Cq,No Cq,65,0,No Cq,No Cq,95,0
r03_CI276_15.6.0,3,An. coluzzii,Exposed,27,6,15,0,no Plasmodium,,100,No Cq,No Cq,84,0,No Cq,No Cq,92.5,0
r03_CI276_17.1.0,3,An. coluzzii,Exposed,27,6,17,0,no Plasmodium,,100,36.92,7.82,74.5,0,38.73,3.73,76,0
r03_CI276_17.2.0,3,An. coluzzii,Exposed,27,6,17,0,no Plasmodium,,100,35.18,16,73,0,36.03,11.3,77,0
r03_CI276_17.3.0,3,An. coluzzii,Exposed,27,6,17,0,no Plasmodium,,100,35.78,12.5,73,0,34.96,17.5,73,0
r03_CI276_17.4.0,3,An. coluzzii,Exposed,27,6,17,0,no Plasmodium,,100,34.68,19.6,73,0,34.68,19.7,74.5,0
r03_CI276_17.5.0,3,An. coluzzii,Exposed,27,6,17,0,no Plasmodium,,100,35.8,12.4,74,0,33.57,30.9,74,0
r03_CI276_17.6.0,3,An. coluzzii,Exposed,27,6,17,0,no Plasmodium,,100,35.1,16.5,75,0,34.55,20.7,74.5,0
r03_CI276_19.1.0,3,An. coluzzii,Exposed,27,6,19,0,no Plasmodium,,100,No Cq,No Cq,76,0,No Cq,No Cq,65,0
r03_CI276_19.2.0,3,An. coluzzii,Exposed,27,6,19,0,no Plasmodium,,100,34.32,22.7,76.5,0,34.32,22.7,73,0
r03_CI276_19.3.0,3,An. coluzzii,Exposed,27,6,19,0,no Plasmodium,,100,37.81,5.44,95,0,37.29,6.72,75,0
r03_CI276_19.4.0,3,An. coluzzii,Exposed,27,6,19,0,no Plasmodium,,100,35.1,16.5,77.5,0,34.88,18.1,78,0
r03_CI276_19.5.0,3,An. coluzzii,Exposed,27,6,19,0,no Plasmodium,,100,37.21,6.94,74,0,37.63,5.85,72,0
r03_CI276_19.6.0,3,An. coluzzii,Exposed,27,6,19,0,no Plasmodium,,100,38.53,4.05,74.5,0,36.86,8.03,75,0
r03_CI276_21.1.0,3,An. coluzzii,Exposed,27,6,21,0,no Plasmodium,,100,36.71,8.52,74.5,0,34.95,17.6,74.5,0
r03_CI276_21.2.0,3,An. coluzzii,Exposed,27,6,21,0,no Plasmodium,,100,37.16,7.11,74.5,0,36.98,7.64,74.5,0
r03_CI276_21.3.0,3,An. coluzzii,Exposed,27,6,21,0,no Plasmodium,,100,37.76,5.55,74.5,0,35.74,12.7,74.5,0
r03_KI276_03.1.0,3,An. gambiae,Exposed,27,6,3,0,no Plasmodium,,100,No Cq,No Cq,77,0,No Cq,No Cq,95,0
r03_KI276_03.2.0,3,An. gambiae,Exposed,27,6,3,0,no Plasmodium,,100,No Cq,No Cq,91.5,0,No Cq,No Cq,65,0
r03_KI276_03.3.0,3,An. gambiae,Exposed,27,6,3,0,no Plasmodium,,100,38.65,3.85,95,0,35.1,16.5,76.5,0
r03_KI276_03.4.0,3,An. gambiae,Exposed,27,6,3,0,no Plasmodium,,100,35.59,13.5,71.5,0,38.5,4.1,73.5,0
r03_KI276_03.5.0,3,An. gambiae,Exposed,27,6,3,0,no Plasmodium,,100,No Cq,No Cq,93,0,No Cq,No Cq,93,0
r03_KI276_03.6.0,3,An. gambiae,Exposed,27,6,3,0,no Plasmodium,,100,38.3,4.45,74.5,0,36.32,10,80.5,0
r03_KI276_06.1.0,3,An. gambiae,Exposed,27,6,6,0,no Plasmodium,,100,36.59,8.96,78,0,No Cq,No Cq,65,0
r03_KI276_06.2.0,3,An. gambiae,Exposed,27,6,6,0,no Plasmodium,,100,No Cq,No Cq,95,0,38.41,4.25,77,0
r03_KI276_06.3.0,3,An. gambiae,Exposed,27,6,6,0,no Plasmodium,,100,No Cq,No Cq,92,0,39.49,2.73,75,0
r03_KI276_06.4.0,3,An. gambiae,Exposed,27,6,6,0,no Plasmodium,,100,No Cq,No Cq,65,0,No Cq,No Cq,95,0
r03_KI276_06.5.0,3,An. gambiae,Exposed,27,6,6,0,no Plasmodium,,100,No Cq,No Cq,93,0,No Cq,No Cq,93,0
r03_KI276_06.6.0,3,An. gambiae,Exposed,27,6,6,0,no Plasmodium,,100,38.94,3.42,69.5,0,37.93,5.17,70.5,0
r03_KI276_09.1.0,3,An. gambiae,Exposed,27,6,9,0,no Plasmodium,,100,38.61,3.92,73.5,0,No Cq,No Cq,95,0
r03_KI276_09.2.0,3,An. gambiae,Exposed,27,6,9,0,no Plasmodium,,100,No Cq,No Cq,68.5,0,35.65,13.2,73,0
r03_KI276_09.3.0,3,An. gambiae,Exposed,27,6,9,0,no Plasmodium,,100,No Cq,No Cq,67,0,No Cq,No Cq,71,0
r03_KI276_09.4.0,3,An. gambiae,Exposed,27,6,9,0,no Plasmodium,,100,No Cq,No Cq,67.5,0,37.65,5.8,76.5,0
r03_KI276_09.5.0,3,An. gambiae,Exposed,27,6,9,0,no Plasmodium,,100,37.82,5.4,76.5,0,39.42,2.8,72,0
r03_KI276_09.6.0,3,An. gambiae,Exposed,27,6,9,0,no Plasmodium,,100,35.44,14.3,76.5,0,No Cq,No Cq,70,0
r03_KI276_11.1.0,3,An. gambiae,Exposed,27,6,11,0,no Plasmodium,,100,37.68,5.74,76.5,0,36.14,10.8,77.5,0
r03_KI276_11.2.0,3,An. gambiae,Exposed,27,6,11,0,no Plasmodium,,100,No Cq,No Cq,75.5,0,No Cq,No Cq,67,0
r03_KI276_11.3.0,3,An. gambiae,Exposed,27,6,11,0,no Plasmodium,,100,No Cq,No Cq,73.5,0,No Cq,No Cq,73,0
r03_KI276_11.4.0,3,An. gambiae,Exposed,27,6,11,0,no Plasmodium,,100,37.41,6.4,74,0,38.73,3.73,72.5,0
r03_KI276_11.5.0,3,An. gambiae,Exposed,27,6,11,0,no Plasmodium,,100,No Cq,No Cq,93,0,No Cq,No Cq,73,0
r03_KI276_11.6.0,3,An. gambiae,Exposed,27,6,11,0,no Plasmodium,,100,No Cq,No Cq,95,0,37.23,6.9,75.5,0
r03_KI276_13.1.0,3,An. gambiae,Exposed,27,6,13,0,no Plasmodium,,100,No Cq,No Cq,95,0,No Cq,No Cq,68.5,0
r03_KI276_13.2.0,3,An. gambiae,Exposed,27,6,13,0,no Plasmodium,,100,38.89,3.49,76,0,No Cq,No Cq,91.5,0
r03_KI276_13.3.0,3,An. gambiae,Exposed,27,6,13,0,no Plasmodium,,100,No Cq,No Cq,74,0,No Cq,No Cq,73.5,0
r03_KI276_13.4.0,3,An. gambiae,Exposed,27,6,13,0,no Plasmodium,,100,32.57,20,95,0,32.18,24.4,74.5,0
r03_KI276_13.5.0,3,An. gambiae,Exposed,27,6,13,0,no Plasmodium,,100,32.74,18.3,73.5,0,32.85,17.3,77.5,0
r03_KI276_13.6.0,3,An. gambiae,Exposed,27,6,13,0,no Plasmodium,,100,32.27,23.3,73.5,0,33.86,10.3,95,0
r03_KI276_15.1.0,3,An. gambiae,Exposed,27,6,15,0,no Plasmodium,,100,35.37,4.79,76,0,34.71,6.71,80.5,0
r03_KI276_15.2.0,3,An. gambiae,Exposed,27,6,15,0,no Plasmodium,,100,33.33,13.6,76,0,31.8,29.5,74,0
r03_KI276_15.3.0,3,An. gambiae,Exposed,27,6,15,0,no Plasmodium,,100,33.24,14.2,76.5,0,31.41,36.1,75.5,0
r03_KI276_15.4.0,3,An. gambiae,Exposed,27,6,15,0,no Plasmodium,,100,35.09,5.53,70.5,0,36.98,2.12,65,0
r03_KI276_15.5.0,3,An. gambiae,Exposed,27,6,15,0,no Plasmodium,,100,34.29,8.33,95,0,34.32,8.21,75,0
r03_KI276_15.6.0,3,An. gambiae,Exposed,27,6,15,0,no Plasmodium,,100,33.16,14.8,95,0,32.92,16.7,95,0
r03_KI276_17.1.0,3,An. gambiae,Exposed,27,6,17,0,no Plasmodium,,100,39.84,0.494,95,0,37.29,1.81,69,0
r03_KI276_17.2.0,3,An. gambiae,Exposed,27,6,17,0,no Plasmodium,,100,35.4,4.73,65,0,38.17,1.16,71.5,0
r03_KI270_03.1.0,3,An. gambiae,Exposed,27,0,3,0,no Plasmodium,,100,33.92,10,73.5,0,34.76,6.57,95,0
r03_KI270_03.2.0,3,An. gambiae,Exposed,27,0,3,0,no Plasmodium,,100,36.72,2.42,73,0,39.27,0.658,75.5,0
r03_KI270_03.3.0,3,An. gambiae,Exposed,27,0,3,0,no Plasmodium,,100,No Cq,No Cq,95,0,33.24,14.2,76,0
r03_KI270_03.4.0,3,An. gambiae,Exposed,27,0,3,0,no Plasmodium,,100,35.24,5.12,95,0,34.08,9.25,77,0
r03_KI270_03.5.0,3,An. gambiae,Exposed,27,0,3,0,no Plasmodium,,100,37.7,1.47,95,0,34.51,7.43,77,0
r03_KI270_03.6.0,3,An. gambiae,Exposed,27,0,3,0,no Plasmodium,,100,35.69,4.08,72.5,0,37.73,1.44,74.5,0
r03_KI270_06.1.0,3,An. gambiae,Exposed,27,0,6,0,no Plasmodium,,100,No Cq,No Cq,95,0,No Cq,No Cq,92,0
r03_KI270_06.2.0,3,An. gambiae,Exposed,27,0,6,0,no Plasmodium,,100,34.34,8.1,95,0,39.34,0.636,95,0
r03_KI270_06.3.0,3,An. gambiae,Exposed,27,0,6,0,no Plasmodium,,100,37.89,1.33,95,0,33.16,14.8,75,0
r03_KI270_06.4.0,3,An. gambiae,Exposed,27,0,6,0,no Plasmodium,,100,35.11,5.47,77.5,0,33.83,10.5,77.5,0
r03_KI270_06.5.0,3,An. gambiae,Exposed,27,0,6,0,no Plasmodium,,100,34.86,6.24,95,0,34.22,8.63,74.5,0
r03_KI270_06.6.0,3,An. gambiae,Exposed,27,0,6,0,no Plasmodium,,100,38.5,0.978,77,0,39.76,0.513,95,0
r03_KI270_09.1.0,3,An. gambiae,Exposed,27,0,9,0,no Plasmodium,,100,37.59,1.55,95,0,38.86,0.815,95,0
r03_KI270_09.2.0,3,An. gambiae,Exposed,27,0,9,0,no Plasmodium,,100,37.46,1.66,76,0,No Cq,No Cq,70.5,0
r03_KI270_09.3.0,3,An. gambiae,Exposed,27,0,9,0,no Plasmodium,,100,No Cq,No Cq,95,0,36.28,3.02,95,0
r03_KI270_09.4.0,3,An. gambiae,Exposed,27,0,9,0,no Plasmodium,,100,35.57,4.35,76.5,0,37.89,1.33,72.5,0
r03_KI270_09.5.0,3,An. gambiae,Exposed,27,0,9,0,no Plasmodium,,100,35.23,5.16,73,0,36.75,2.38,78,0
r03_KI270_09.6.0,3,An. gambiae,Exposed,27,0,9,0,no Plasmodium,,100,No Cq,No Cq,70.5,0,37.71,1.46,75.5,0
r03_KI270_11.1.0,3,An. gambiae,Exposed,27,0,11,0,no Plasmodium,,100,37.89,1.33,95,0,No Cq,No Cq,75.5,0
r03_KI270_11.2.0,3,An. gambiae,Exposed,27,0,11,0,no Plasmodium,,100,37.26,1.83,70.5,0,No Cq,No Cq,95,0
r03_KI270_11.3.0,3,An. gambiae,Exposed,27,0,11,0,no Plasmodium,,100,37.36,1.74,95,0,No Cq,No Cq,95,0
r03_KI270_11.4.0,3,An. gambiae,Exposed,27,0,11,0,no Plasmodium,,100,No Cq,No Cq,74,0,36.17,3.2,72.5,0
r03_KI270_11.5.0,3,An. gambiae,Exposed,27,0,11,0,no Plasmodium,,100,No Cq,No Cq,95,0,No Cq,No Cq,95,0
r03_KI270_11.6.0,3,An. gambiae,Exposed,27,0,11,0,no Plasmodium,,100,39.48,0.12,65,0,No Cq,No Cq,65,0
r03_KI270_13.1.0,3,An. gambiae,Exposed,27,0,13,0,no Plasmodium,,100,No Cq,No Cq,67,0,39.39,0.126,95,0
r03_KI270_13.2.0,3,An. gambiae,Exposed,27,0,13,0,no Plasmodium,,100,No Cq,No Cq,65,0,No Cq,No Cq,95,0
r03_KI270_13.3.0,3,An. gambiae,Exposed,27,0,13,0,no Plasmodium,,100,No Cq,No Cq,68.5,0,No Cq,No Cq,95,0
r03_KI270_13.4.0,3,An. gambiae,Exposed,27,0,13,0,no Plasmodium,,100,No Cq,No Cq,95,0,37.08,0.403,95,0
r03_KI270_13.5.0,3,An. gambiae,Exposed,27,0,13,0,no Plasmodium,,100,39.48,0.121,95,0,No Cq,No Cq,72,0
r03_KI270_15.1.0,3,An. gambiae,Exposed,27,0,15,0,no Plasmodium,,100,No Cq,No Cq,68,0,37.33,0.356,95,0
r03_KI270_15.2.0,3,An. gambiae,Exposed,27,0,15,0,no Plasmodium,,100,37.15,0.39,74,0,38.03,0.251,65,0
r03_KI270_15.3.0,3,An. gambiae,Exposed,27,0,15,0,no Plasmodium,,100,No Cq,No Cq,65,0,37.89,0.269,72.5,0
r03_KI270_15.4.0,3,An. gambiae,Exposed,27,0,15,0,no Plasmodium,,100,37.82,0.278,72,0,39.25,0.135,95,0
r03_KI270_15.5.0,3,An. gambiae,Exposed,27,0,15,0,no Plasmodium,,100,No Cq,No Cq,65,0,No Cq,No Cq,67.5,0
r03_KI270_15.6.0,3,An. gambiae,Exposed,27,0,15,0,no Plasmodium,,100,No Cq,No Cq,95,0,No Cq,No Cq,67,0
r03_KI270_17.1.0,3,An. gambiae,Exposed,27,0,17,0,no Plasmodium,,100,36.96,0.429,68.5,0,34.72,1.32,76.5,0
r03_CC270_11.1.0,3,An. coluzzii,Control,27,0,11,0,no Plasmodium,,100,38.69,0.887,77.5,0,37.48,1.64,75,0
r03_CC270_13.1.0,3,An. coluzzii,Control,27,0,13,0,no Plasmodium,,100,38.9,0.798,79,0,No Cq,No Cq,95,0
r03_CC270_13.2.0,3,An. coluzzii,Control,27,0,13,0,no Plasmodium,,100,No Cq,No Cq,74,0,No Cq,No Cq,95,0
r03_CC270_15.1.0,3,An. coluzzii,Control,27,0,15,0,no Plasmodium,,100,39.7,0.531,95,0,38,1.26,95,0
r03_CC270_15.2.0,3,An. coluzzii,Control,27,0,15,0,no Plasmodium,,100,No Cq,No Cq,95,0,No Cq,No Cq,95,0
r03_CC270_17.1.0,3,An. coluzzii,Control,27,0,17,0,no Plasmodium,,100,No Cq,No Cq,95,0,37.81,1.39,74,0
r03_CC270_17.2.0,3,An. coluzzii,Control,27,0,17,0,no Plasmodium,,100,39.08,0.728,75,0,No Cq,No Cq,95,0
r03_CC270_19.1.0,3,An. coluzzii,Control,27,0,19,0,no Plasmodium,,100,No Cq,No Cq,77,0,38.45,1,73,0
r03_CC270_19.2.0,3,An. coluzzii,Control,27,0,19,0,no Plasmodium,,100,No Cq,No Cq,95,0,No Cq,No Cq,95,0
r03_CO276_03.1.0,3,An. coluzzii,O,27,6,3,0,no Plasmodium,,100,34.83,1.26,71.5,0,No Cq,No Cq,95,0
r03_CO276_03.2.0,3,An. coluzzii,O,27,6,3,0,no Plasmodium,,100,37.66,0.301,75.5,0,No Cq,No Cq,67.5,0
r03_CO276_03.3.0,3,An. coluzzii,O,27,6,3,0,no Plasmodium,,100,35.86,0.747,77,0,37.91,0.265,95,0
r03_CO276_03.4.0,3,An. coluzzii,O,27,6,3,0,no Plasmodium,,100,No Cq,No Cq,95,0,No Cq,No Cq,74.5,0
r03_CO276_03.5.0,3,An. coluzzii,O,27,6,3,0,no Plasmodium,,100,No Cq,No Cq,73.5,0,37.51,0.325,71.5,0
r03_CO276_03.6.0,3,An. coluzzii,O,27,6,3,0,no Plasmodium,,100,37.56,0.318,95,0,37.25,0.37,95,0
r03_CO276_06.1.0,3,An. coluzzii,O,27,6,6,0,no Plasmodium,,100,37.63,0.306,76,0,37.86,0.272,75,0
r03_CO276_06.2.0,3,An. coluzzii,O,27,6,6,0,no Plasmodium,,100,37.18,0.384,74,0,37.11,0.397,75.5,0
r03_CO276_06.3.0,3,An. coluzzii,O,27,6,6,0,no Plasmodium,,100,38.96,0.156,95,0,38.35,0.213,95,0
r03_CO276_06.4.0,3,An. coluzzii,O,27,6,6,0,no Plasmodium,,100,No Cq,No Cq,95,0,No Cq,No Cq,95,0
r03_CO276_06.5.0,3,An. coluzzii,O,27,6,6,0,no Plasmodium,,100,No Cq,No Cq,72,0,No Cq,No Cq,95,0
r03_CO276_09.1.0,3,An. coluzzii,O,27,6,9,0,no Plasmodium,,100,36.7,0.489,71,0,37.01,0.417,95,0
r03_CO276_09.2.0,3,An. coluzzii,O,27,6,9,0,no Plasmodium,,100,36.27,0.607,78.5,0,37.5,0.327,71.5,0
r03_CO276_09.3.0,3,An. coluzzii,O,27,6,9,0,no Plasmodium,,100,No Cq,No Cq,72.5,0,35.57,0.864,74.5,0
r03_CO276_09.4.0,3,An. coluzzii,O,27,6,9,0,no Plasmodium,,100,35.29,0.995,77.5,0,35.89,0.736,76,0
r03_CO276_11.1.0,3,An. coluzzii,O,27,6,11,0,no Plasmodium,,100,37.92,0.264,95,0,35.81,0.763,95,0
r03_CO276_11.2.0,3,An. coluzzii,O,27,6,11,0,no Plasmodium,,100,No Cq,No Cq,95,0,No Cq,No Cq,67,0
r03_CO276_11.3.0,3,An. coluzzii,O,27,6,11,0,no Plasmodium,,100,No Cq,No Cq,69,0,36.65,0.501,77,0
r03_CO276_11.4.0,3,An. coluzzii,O,27,6,11,0,no Plasmodium,,100,36.42,0.563,76,0,37.51,0.325,95,0
r03_CO276_13.1.0,3,An. coluzzii,O,27,6,13,0,no Plasmodium,,100,36.72,0.483,76,0,37.21,0.378,93,0
r03_CO276_13.2.0,3,An. coluzzii,O,27,6,13,0,no Plasmodium,,100,37.93,0.263,74,0,37.6,0.311,76.5,0
r03_CO276_13.3.0,3,An. coluzzii,O,27,6,13,0,no Plasmodium,,100,39.73,0.106,77,0,39.73,0.106,95,0
r03_CO276_15.1.0,3,An. coluzzii,O,27,6,15,0,no Plasmodium,,100,39.81,0.102,95,0,39.27,0.134,78,0
r03_CO276_15.2.0,3,An. coluzzii,O,27,6,15,0,no Plasmodium,,100,36.16,0.641,77,0,35.09,1.1,77,0
r03_CO276_15.3.0,3,An. coluzzii,O,27,6,15,0,no Plasmodium,,100,35.61,0.846,73.5,0,35.61,0.845,77,0
r03_CO276_15.4.0,3,An. coluzzii,O,27,6,15,0,no Plasmodium,,100,35.95,0.714,82.5,0,39.82,0.101,95,0
r03_CO276_17.1.0,3,An. coluzzii,O,27,6,17,0,no Plasmodium,,100,No Cq,No Cq,95,0,37.81,0.279,95,0
r03_CO276_17.2.0,3,An. coluzzii,O,27,6,17,0,no Plasmodium,,100,37.83,6.16,73,0,39.58,3.38,91,0
r03_CO276_17.3.0,3,An. coluzzii,O,27,6,17,0,no Plasmodium,,100,39.06,4.04,92,0,39.28,3.75,92.5,0
r03_CO276_17.4.0,3,An. coluzzii,O,27,6,17,0,no Plasmodium,,100,No Cq,No Cq,92,0,No Cq,No Cq,92,0
r03_CO276_17.5.0,3,An. coluzzii,O,27,6,17,0,no Plasmodium,,100,No Cq,No Cq,91.5,0,No Cq,No Cq,92.5,0
r03_CO276_17.6.0,3,An. coluzzii,O,27,6,17,0,no Plasmodium,,100,39.87,3.06,68,0,38.59,4.75,92,0
r03_CO276_19.1.0,3,An. coluzzii,O,27,6,19,0,no Plasmodium,,100,No Cq,No Cq,92.5,0,No Cq,No Cq,92,0
r03_CO276_19.2.0,3,An. coluzzii,O,27,6,19,0,no Plasmodium,,100,38.6,4.73,93,0,38.91,4.25,92,0
r03_CO276_19.3.0,3,An. coluzzii,O,27,6,19,0,no Plasmodium,,100,No Cq,No Cq,90.5,0,32.95,12.6,74.5,0
r03_CO276_19.4.0,3,An. coluzzii,O,27,6,19,0,no Plasmodium,,100,33.81,8.31,72.5,0,33.24,10.9,73.5,0
r03_CO276_19.5.0,3,An. coluzzii,O,27,6,19,0,no Plasmodium,,100,34.35,6.37,73.5,0,33.79,8.36,92,0
r03_CO276_19.6.0,3,An. coluzzii,O,27,6,19,0,no Plasmodium,,100,32.88,13,70,0,32.63,14.7,69,0
r04_CI276_03.1.0,4,An. coluzzii,Exposed,27,6,3,0,no Plasmodium,,100,No Cq,No Cq,95,0,No Cq,No Cq,95,0
r04_CI276_03.2.0,4,An. coluzzii,Exposed,27,6,3,0,no Plasmodium,,100,No Cq,No Cq,95,0,36.6,12.7,65,0
r04_CI276_03.3.0,4,An. coluzzii,Exposed,27,6,3,0,no Plasmodium,,100,35.5,19.1,71,0,36.49,13.3,65,0
r04_CI276_03.4.0,4,An. coluzzii,Exposed,27,6,3,0,no Plasmodium,,100,34.71,25.6,65,0,34.54,27.3,95,0
r04_CI276_03.5.0,4,An. coluzzii,Exposed,27,6,3,0,no Plasmodium,,100,34.98,23.2,95,0,37.99,7.61,95,0
r04_CI276_03.6.0,4,An. coluzzii,Exposed,27,6,3,0,no Plasmodium,,100,34.48,27.8,95,0,33.7,37.1,95,0
r04_CI276_13.1.0,4,An. coluzzii,Exposed,27,6,13,0,no Plasmodium,,100,No Cq,No Cq,74.5,0,34.67,25.9,72.5,0
r04_CI276_13.2.0,4,An. coluzzii,Exposed,27,6,13,0,no Plasmodium,,100,No Cq,No Cq,67.5,0,36.73,12.2,68,0
r04_CI276_13.3.0,4,An. coluzzii,Exposed,27,6,13,0,no Plasmodium,,100,34.18,31.1,95,0,35.77,17.3,95,0
r04_CI276_13.4.0,4,An. coluzzii,Exposed,27,6,13,0,no Plasmodium,,100,34.53,27.3,95,0,34.83,24.5,76.5,0
r04_CI276_13.5.0,4,An. coluzzii,Exposed,27,6,13,0,no Plasmodium,,100,35.57,18.6,67.5,0,35.11,22.1,95,0
r04_CI276_13.6.0,4,An. coluzzii,Exposed,27,6,13,0,no Plasmodium,,100,37.81,8.13,65,0,35.65,18.1,72,0
r04_CI276_15.1.0,4,An. coluzzii,Exposed,27,6,15,0,with Plasmodium,4105.0,100,30.9,33.9,74,1,30.18,48.2,73.5,1
r04_CI276_15.2.0,4,An. coluzzii,Exposed,27,6,15,0,with Plasmodium,1672.5000000000002,100,31.47,25.8,73.5,1,33.98,7.65,73,1
r04_CI276_15.3.0,4,An. coluzzii,Exposed,27,6,15,0,no Plasmodium,,100,35.54,18.8,75.5,0,35.7,17.8,75,0
r04_CI276_15.4.0,4,An. coluzzii,Exposed,27,6,15,0,no Plasmodium,,100,37.41,9.45,76,0,37.05,10.8,74,0
r04_CI276_15.5.0,4,An. coluzzii,Exposed,27,6,15,0,no Plasmodium,,100,37.62,8.74,95,0,No Cq,No Cq,68.5,0
r04_CI276_15.6.0,4,An. coluzzii,Exposed,27,6,15,0,with Plasmodium,8975.0,100,31.78,75.5,73,1,30.91,104,73,1
r04_CI276_17.1.0,4,An. coluzzii,Exposed,27,6,17,0,no Plasmodium,,100,No Cq,No Cq,67,0,No Cq,No Cq,68,0
r04_CI276_17.2.0,4,An. coluzzii,Exposed,27,6,17,0,with Plasmodium,673.5,100,29.72,9.19,74,1,31.23,4.28,74.5,1
r04_CI276_17.3.0,4,An. coluzzii,Exposed,27,6,17,0,no Plasmodium,,100,37.66,8.61,76,0,35.88,16.6,76,0
r04_CI276_17.4.0,4,An. coluzzii,Exposed,27,6,17,0,with Plasmodium,6650.0,100,32.01,69.3,73.5,1,32.24,63.7,73.5,1
r04_CI276_17.5.0,4,An. coluzzii,Exposed,27,6,17,0,no Plasmodium,,100,36.45,13.5,95,0,38.2,7.05,95,0
r04_CI276_17.6.0,4,An. coluzzii,Exposed,27,6,17,0,with Plasmodium,10730.0,100,30.61,116,73,1,31.06,98.6,73,1
r04_CI276_19.1.0,4,An. coluzzii,Exposed,27,6,19,0,no Plasmodium,,100,39.34,4.63,74.5,0,No Cq,No Cq,70.5,0
r04_CI276_19.2.0,4,An. coluzzii,Exposed,27,6,19,0,no Plasmodium,,100,No Cq,No Cq,73.5,0,38.98,5.29,72.5,0
r04_CI276_19.3.0,4,An. coluzzii,Exposed,27,6,19,0,no Plasmodium,,100,No Cq,No Cq,69,0,No Cq,No Cq,95,0
r04_CI276_19.4.0,4,An. coluzzii,Exposed,27,6,19,0,no Plasmodium,,100,38.09,7.35,73.5,0,37.26,9.99,95,0
r04_CI276_21.1.0,4,An. coluzzii,Exposed,27,6,21,0,no Plasmodium,,100,39.99,3.65,72,0,37.83,8.09,77,0
r04_CI276_21.2.0,4,An. coluzzii,Exposed,27,6,21,0,with Plasmodium,596.5,100,34.36,6.35,74.5,1,34.63,5.58,73,1
r04_CI276_21.3.0,4,An. coluzzii,Exposed,27,6,21,0,no Plasmodium,,100,No Cq,No Cq,75.5,0,38.13,7.25,76.5,0
r04_CI276_21.4.0,4,An. coluzzii,Exposed,27,6,21,0,no Plasmodium,,100,38,7.59,72.5,0,No Cq,No Cq,75,0
r04_CI276_21.5.0,4,An. coluzzii,Exposed,27,6,21,0,no Plasmodium,,100,No Cq,No Cq,75.5,0,39.73,4.01,95,0
r04_CI276_21.6.0,4,An. coluzzii,Exposed,27,6,21,0,no Plasmodium,,100,39.26,4.77,68.5,0,No Cq,No Cq,95,0
r04_CI276_23.1.0,4,An. coluzzii,Exposed,27,6,23,0,no Plasmodium,,100,No Cq,No Cq,77,0,No Cq,No Cq,95,0
r04_CI276_23.2.0,4,An. coluzzii,Exposed,27,6,23,0,no Plasmodium,,100,38.45,6.43,73.5,0,No Cq,No Cq,68.5,0
r04_CI276_23.3.0,4,An. coluzzii,Exposed,27,6,23,0,no Plasmodium,,100,No Cq,No Cq,70,0,38.08,7.39,72.5,0
r04_KI270_13.1.0,4,An. gambiae,Exposed,27,0,13,0,with Plasmodium,33800.0,100,28.59,245,72.5,1,27.06,431,73,1
r04_KI270_13.2.0,4,An. gambiae,Exposed,27,0,13,0,with Plasmodium,3325.0,100,35.62,18.3,73,1,32.99,48.2,73,1
r04_KI270_13.3.0,4,An. gambiae,Exposed,27,0,13,0,no Plasmodium,,100,No Cq,No Cq,88.5,0,No Cq,No Cq,95,0
r04_KI270_13.4.0,4,An. gambiae,Exposed,27,0,13,0,no Plasmodium,,100,No Cq,No Cq,95,0,No Cq,No Cq,95,0
r04_KI270_15.1.0,4,An. gambiae,Exposed,27,0,15,0,no Plasmodium,,100,36.91,11.4,78,0,No Cq,No Cq,95,0
r04_KI270_15.2.0,4,An. gambiae,Exposed,27,0,15,0,no Plasmodium,,100,38.54,1.25,95,0,No Cq,No Cq,95,0
r04_KI270_15.3.0,4,An. gambiae,Exposed,27,0,15,0,with Plasmodium,11950.0,100,28.2,119,73.5,1,28.18,120,73.5,1
r04_KI270_15.4.0,4,An. gambiae,Exposed,27,0,15,0,with Plasmodium,7275.0,100,29.83,58.3,73.5,1,28.91,87.2,73.5,1
r04_KI270_17.1.0,4,An. gambiae,Exposed,27,0,17,0,with Plasmodium,5125.0,100,30.52,42.8,73.5,1,29.77,59.7,73.5,1
r04_KI270_17.2.0,4,An. gambiae,Exposed,27,0,17,0,with Plasmodium,1000.0,100,34.41,7.7,73.5,1,33.35,12.3,73.5,1
r04_KI270_17.3.0,4,An. gambiae,Exposed,27,0,17,0,with Plasmodium,3565.0000000000005,100,31.04,34.1,73,1,30.84,37.2,73.5,1
r04_KI270_17.4.0,4,An. gambiae,Exposed,27,0,17,0,with Plasmodium,4420.0,100,30.44,44.4,73.5,1,30.47,44,72,1
r04_KI270_19.1.0,4,An. gambiae,Exposed,27,0,19,0,no Plasmodium,,100,No Cq,No Cq,95,0,34.75,6.64,65,0
r04_KI270_19.2.0,4,An. gambiae,Exposed,27,0,19,0,with Plasmodium,22150.0,100,27.2,186,73.5,1,26.46,257,74,1
r04_KI270_19.3.0,4,An. gambiae,Exposed,27,0,19,0,with Plasmodium,7784.999999999999,100,28.71,95.4,74,1,29.75,60.3,74,1
r04_KI270_19.4.0,4,An. gambiae,Exposed,27,0,19,0,with Plasmodium,5045.0,100,31.6,26.6,73.5,1,29.28,74.3,74.5,1
r04_KI270_21.1.0,4,An. gambiae,Exposed,27,0,21,0,no Plasmodium,,100,35.47,4.83,95,0,33.68,10.6,73.5,0
r04_KI270_21.2.0,4,An. gambiae,Exposed,27,0,21,0,no Plasmodium,,100,37.98,1.6,95,0,37.39,2.07,95,0
r04_KI276_15.1.0,4,An. gambiae,Exposed,27,6,15,0,no Plasmodium,,100,No Cq,No Cq,95,0,No Cq,No Cq,69,0
r04_KI276_15.2.0,4,An. gambiae,Exposed,27,6,15,0,with Plasmodium,5010.0,100,30.97,35.2,73.5,1,29.58,65,73.5,1
r04_KI276_15.3.0,4,An. gambiae,Exposed,27,6,15,0,with Plasmodium,1375.0,100,33.25,12.8,74,1,32.95,14.7,74,1
r04_KI276_15.4.0,4,An. gambiae,Exposed,27,6,15,0,no Plasmodium,,100,38.45,1.29,69.5,0,38.57,1.23,65,0
r04_KI276_17.1.0,4,An. gambiae,Exposed,27,6,17,0,with Plasmodium,4670.0,100,30.27,47.8,73.5,1,30.38,45.6,73.5,1
r04_KI276_17.2.0,4,An. gambiae,Exposed,27,6,17,0,no Plasmodium,,100,No Cq,No Cq,65,0,39.69,0.75,95,0
r04_KI276_17.3.0,4,An. gambiae,Exposed,27,6,17,0,no Plasmodium,,100,38.27,1.4,95,0,No Cq,No Cq,67,0
r04_KI276_17.4.0,4,An. gambiae,Exposed,27,6,17,0,with Plasmodium,4905.0,100,29.77,58.7,73.5,1,30.6,39.4,73.5,1
r04_KI276_19.1.0,4,An. gambiae,Exposed,27,6,19,0,no Plasmodium,,100,36.14,3.59,65,0,36.61,2.91,65,0
r04_KI276_19.2.0,4,An. gambiae,Exposed,27,6,19,0,no Plasmodium,,100,37.37,2.09,72,0,36.59,2.94,75.5,0
r04_KI276_19.3.0,4,An. gambiae,Exposed,27,6,19,0,with Plasmodium,1995.0000000000002,100,32.65,16.8,73,1,31.92,23.1,73,1
r04_KI276_21.1.0,4,An. gambiae,Exposed,27,6,21,0,no Plasmodium,,100,No Cq,No Cq,73,0,35.74,4.29,73.5,0
r04_KI276_21.2.0,4,An. gambiae,Exposed,27,6,21,0,no Plasmodium,,100,37.88,1.67,95,0,No Cq,No Cq,65,0
r04_CI276_03.1.x,4,An. coluzzii,Exposed,27,6,3,x,no Plasmodium,,100,No Cq,No Cq,65,0,No Cq,No Cq,65,0
r04_CI276_03.2.x,4,An. coluzzii,Exposed,27,6,3,x,no Plasmodium,,100,No Cq,No Cq,65,0,No Cq,No Cq,65,0
r04_CI276_03.3.x,4,An. coluzzii,Exposed,27,6,3,x,no Plasmodium,,100,No Cq,No Cq,69.5,0,No Cq,No Cq,65,0
r04_CI276_04.1.x,4,An. coluzzii,Exposed,27,6,4,x,no Plasmodium,,100,No Cq,No Cq,92.5,0,No Cq,No Cq,74,0
r04_CI276_04.2.x,4,An. coluzzii,Exposed,27,6,4,x,no Plasmodium,,100,No Cq,No Cq,65,0,No Cq,No Cq,95,0
r04_CI276_04.3.x,4,An. coluzzii,Exposed,27,6,4,x,no Plasmodium,,100,No Cq,No Cq,95,0,No Cq,No Cq,65,0
r04_CI276_04.4.x,4,An. coluzzii,Exposed,27,6,4,x,no Plasmodium,,100,No Cq,No Cq,65,0,No Cq,No Cq,95,0
r04_CI276_05.1.x,4,An. coluzzii,Exposed,27,6,5,x,no Plasmodium,,100,No Cq,No Cq,65,0,39.49,0.817,65,0
r04_CI276_05.2.x,4,An. coluzzii,Exposed,27,6,5,x,no Plasmodium,,100,No Cq,No Cq,92.5,0,No Cq,No Cq,65,0
r04_CI276_05.3.x,4,An. coluzzii,Exposed,27,6,5,x,no Plasmodium,,100,No Cq,No Cq,95,0,No Cq,No Cq,95,0
r04_CI276_06.1.x,4,An. coluzzii,Exposed,27,6,6,x,no Plasmodium,,100,No Cq,No Cq,87.5,0,No Cq,No Cq,95,0
r04_CI276_06.2.x,4,An. coluzzii,Exposed,27,6,6,x,no Plasmodium,,100,No Cq,No Cq,78.5,0,No Cq,No Cq,65,0
r04_CI276_06.3.x,4,An. coluzzii,Exposed,27,6,6,x,no Plasmodium,,100,No Cq,No Cq,65,0,No Cq,No Cq,65,0
r04_CI276_06.4.x,4,An. coluzzii,Exposed,27,6,6,x,no Plasmodium,,100,No Cq,No Cq,65,0,37.17,2.28,71.5,0
r04_CI276_06.5.x,4,An. coluzzii,Exposed,27,6,6,x,no Plasmodium,,100,No Cq,No Cq,76.5,0,No Cq,No Cq,95,0
r04_CI276_06.6.x,4,An. coluzzii,Exposed,27,6,6,x,no Plasmodium,,100,No Cq,No Cq,93,0,No Cq,No Cq,95,0
r04_CI276_06.7.x,4,An. coluzzii,Exposed,27,6,6,x,no Plasmodium,,100,36.2,1.49,No Tm,0,No Cq,No Cq,No Tm,0
r04_CI276_07.1.x,4,An. coluzzii,Exposed,27,6,7,x,no Plasmodium,,100,No Cq,No Cq,No Tm,0,No Cq,No Cq,No Tm,0
r04_CI276_07.2.x,4,An. coluzzii,Exposed,27,6,7,x,no Plasmodium,,100,37.47,0.826,No Tm,0,37.33,0.88,No Tm,0
r04_CI276_07.3.x,4,An. coluzzii,Exposed,27,6,7,x,no Plasmodium,,100,35.69,1.89,No Tm,0,36.64,1.22,No Tm,0
r04_CI276_07.4.x,4,An. coluzzii,Exposed,27,6,7,x,no Plasmodium,,100,39.31,0.351,No Tm,0,No Cq,No Cq,No Tm,0
r04_CI276_07.5.x,4,An. coluzzii,Exposed,27,6,7,x,no Plasmodium,,100,38.7,0.467,No Tm,0,37.14,0.96,No Tm,0
r04_CI276_08.1.x,4,An. coluzzii,Exposed,27,6,8,x,no Plasmodium,,100,33.7,4.75,No Tm,0,No Cq,No Cq,No Tm,0
r04_CI276_08.2.x,4,An. coluzzii,Exposed,27,6,8,x,no Plasmodium,,100,No Cq,No Cq,No Tm,0,No Cq,No Cq,No Tm,0
r04_CI276_08.3.x,4,An. coluzzii,Exposed,27,6,8,x,no Plasmodium,,100,34.96,2.64,No Tm,0,35.08,2.51,No Tm,0
r04_CI276_09.1.x,4,An. coluzzii,Exposed,27,6,9,x,no Plasmodium,,100,34.03,4.07,No Tm,0,34.88,2.74,No Tm,0
r04_CI276_09.2.x,4,An. coluzzii,Exposed,27,6,9,x,no Plasmodium,,100,33.24,5.87,No Tm,0,34.95,2.66,No Tm,0
r04_CI276_09.3.x,4,An. coluzzii,Exposed,27,6,9,x,no Plasmodium,,100,35.56,2.01,No Tm,0,35.16,2.41,No Tm,0
r04_CI276_09.4.x,4,An. coluzzii,Exposed,27,6,9,x,no Plasmodium,,100,36.04,1.6,No Tm,0,No Cq,No Cq,No Tm,0
r04_CI276_10.1.x,4,An. coluzzii,Exposed,27,6,10,x,no Plasmodium,,100,No Cq,No Cq,No Tm,0,38.31,0.558,No Tm,0
r04_CI276_10.2.x,4,An. coluzzii,Exposed,27,6,10,x,no Plasmodium,,100,No Cq,No Cq,No Tm,0,38.06,0.628,No Tm,0
r04_CI276_10.3.x,4,An. coluzzii,Exposed,27,6,10,x,with Plasmodium,428.5,100,33.92,4.3,No Tm,1,33.93,4.27,No Tm,1
r04_CI276_10.4.x,4,An. coluzzii,Exposed,27,6,10,x,no Plasmodium,,100,36.07,1.58,No Tm,0,No Cq,No Cq,No Tm,0
r04_CI276_11.1.x,4,An. coluzzii,Exposed,27,6,11,x,no Plasmodium,,100,37.09,0.983,No Tm,0,36.34,1.4,No Tm,0
r04_CI276_12.1.x,4,An. coluzzii,Exposed,27,6,12,x,no Plasmodium,,100,No Cq,No Cq,No Tm,0,No Cq,No Cq,No Tm,0
r04_CI276_13.1.x,4,An. coluzzii,Exposed,27,6,13,x,no Plasmodium,,100,No Cq,No Cq,No Tm,0,37.49,0.816,No Tm,0
r04_CI276_14.1.x,4,An. coluzzii,Exposed,27,6,14,x,no Plasmodium,,100,No Cq,No Cq,No Tm,0,No Cq,No Cq,No Tm,0
r04_CI276_15.1.x,4,An. coluzzii,Exposed,27,6,15,x,no Plasmodium,,100,No Cq,No Cq,No Tm,0,No Cq,No Cq,No Tm,0
r04_CI276_15.2.x,4,An. coluzzii,Exposed,27,6,15,x,no Plasmodium,,100,36.4,1.35,No Tm,0,37.94,0.665,No Tm,0
r04_CI276_16.1.x,4,An. coluzzii,Exposed,27,6,16,x,no Plasmodium,,100,39.84,0.275,No Tm,0,No Cq,No Cq,No Tm,0
r04_CI276_16.2.x,4,An. coluzzii,Exposed,27,6,16,x,no Plasmodium,,100,38.13,0.607,No Tm,0,No Cq,No Cq,No Tm,0
r04_CI276_16.3.x,4,An. coluzzii,Exposed,27,6,16,x,no Plasmodium,,100,No Cq,No Cq,No Tm,0,No Cq,No Cq,No Tm,0
r04_CI276_16.4.x,4,An. coluzzii,Exposed,27,6,16,x,no Plasmodium,,100,No Cq,No Cq,No Tm,0,No Cq,No Cq,No Tm,0
r04_CI276_18.1.x,4,An. coluzzii,Exposed,27,6,18,x,no Plasmodium,,100,37.53,0.803,No Tm,0,39.97,0.259,No Tm,0
r04_CI276_18.2.x,4,An. coluzzii,Exposed,27,6,18,x,no Plasmodium,,100,No Cq,No Cq,No Tm,0,No Cq,No Cq,No Tm,0
r04_CI276_18.3.x,4,An. coluzzii,Exposed,27,6,18,x,no Plasmodium,,100,No Cq,No Cq,No Tm,0,No Cq,No Cq,No Tm,0
r04_CI276_19.1.x,4,An. coluzzii,Exposed,27,6,19,x,no Plasmodium,,100,No Cq,No Cq,No Tm,0,No Cq,No Cq,No Tm,0
r04_CI276_19.2.x,4,An. coluzzii,Exposed,27,6,19,x,no Plasmodium,,100,No Cq,No Cq,No Tm,0,No Cq,No Cq,No Tm,0
r04_CI276_19.3.x,4,An. coluzzii,Exposed,27,6,19,x,no Plasmodium,,100,No Cq,No Cq,No Tm,0,No Cq,No Cq,No Tm,0
r04_CI276_20.1.x,4,An. coluzzii,Exposed,27,6,20,x,no Plasmodium,,100,36.61,1.23,No Tm,0,37.68,0.75,No Tm,0
r04_CI276_21.1.x,4,An. coluzzii,Exposed,27,6,21,x,no Plasmodium,,100,No Cq,No Cq,No Tm,0,No Cq,No Cq,No Tm,0
r04_CI276_22.1.x,4,An. coluzzii,Exposed,27,6,22,x,no Plasmodium,,100,No Cq,No Cq,No Tm,0,38.53,0.505,No Tm,0
r04_CI276_22.2.x,4,An. coluzzii,Exposed,27,6,22,x,no Plasmodium,,100,38.16,0.599,No Tm,0,No Cq,No Cq,No Tm,0
r04_CI276_22.3.x,4,An. coluzzii,Exposed,27,6,22,x,no Plasmodium,,100,No Cq,No Cq,No Tm,0,No Cq,No Cq,No Tm,0
r04_CI276_22.4.x,4,An. coluzzii,Exposed,27,6,22,x,no Plasmodium,,100,No Cq,No Cq,No Tm,0,37.26,0.912,No Tm,0
r04_CI270_03.1.0,4,An. coluzzii,Exposed,27,0,3,0,no Plasmodium,,100,No Cq,No Cq,No Tm,0,38.35,0.548,No Tm,0
r04_CI270_03.2.0,4,An. coluzzii,Exposed,27,0,3,0,no Plasmodium,,100,37.32,0.883,No Tm,0,36.07,1.58,No Tm,0
r04_CI270_03.3.0,4,An. coluzzii,Exposed,27,0,3,0,no Plasmodium,,100,38.05,0.632,No Tm,0,38.96,0.413,No Tm,0
r04_CI270_03.4.0,4,An. coluzzii,Exposed,27,0,3,0,no Plasmodium,,100,35.2,1.41,65,0,No Cq,No Cq,65,0
r04_CI270_03.5.0,4,An. coluzzii,Exposed,27,0,3,0,no Plasmodium,,100,No Cq,No Cq,65,0,36.95,0.545,65,0
r04_CI270_03.6.0,4,An. coluzzii,Exposed,27,0,3,0,no Plasmodium,,100,33.56,3.42,74,0,35.43,1.24,65,0
r04_CI270_11.1.0,4,An. coluzzii,Exposed,27,0,11,0,no Plasmodium,,100,32.44,6.29,65,0,33.32,3.9,73,0
r04_CI270_11.2.0,4,An. coluzzii,Exposed,27,0,11,0,no Plasmodium,,100,36.4,0.734,68,0,37.89,0.327,69,0
r04_CI270_11.3.0,4,An. coluzzii,Exposed,27,0,11,0,no Plasmodium,,100,36.94,0.547,65,0,36.84,0.577,69,0
r04_CI270_11.4.0,4,An. coluzzii,Exposed,27,0,11,0,with Plasmodium,3925.0,100,31.33,27.6,73,1,30.07,50.9,73.5,1
r04_CI270_11.5.0,4,An. coluzzii,Exposed,27,0,11,0,with Plasmodium,855.5,100,32.19,7.18,73.5,1,31.59,9.93,73.5,1
r04_CI270_11.6.0,4,An. coluzzii,Exposed,27,0,11,0,with Plasmodium,3950.0,100,28.84,44.3,74,1,29.29,34.7,73.5,1
r04_CI270_13.1.0,4,An. coluzzii,Exposed,27,0,13,0,with Plasmodium,544.0,100,32.66,5.58,65,1,32.75,5.3,73.5,1
r04_CI270_13.2.0,4,An. coluzzii,Exposed,27,0,13,0,with Plasmodium,2395.0000000000005,100,30.16,21.6,73.5,1,29.79,26.3,73.5,1
r04_CI270_13.3.0,4,An. coluzzii,Exposed,27,0,13,0,no Plasmodium,,100,32.87,4.97,65,0,34.05,2.62,74.5,0
r04_CI270_13.4.0,4,An. coluzzii,Exposed,27,0,13,0,with Plasmodium,426.99999999999994,100,35.45,3.75,73,1,34.94,4.79,73,1
r04_CI270_13.5.0,4,An. coluzzii,Exposed,27,0,13,0,with Plasmodium,7040.000000000001,100,28.89,89.9,73.5,1,30.07,50.9,73,1
r04_CI270_13.6.0,4,An. coluzzii,Exposed,27,0,13,0,no Plasmodium,,100,33.88,2.87,75.5,0,35.68,1.08,68,0
r04_CI270_15.1.0,4,An. coluzzii,Exposed,27,0,15,0,no Plasmodium,,100,38.99,0.673,73,0,36.48,2.27,67.5,0
r04_CI270_15.2.0,4,An. coluzzii,Exposed,27,0,15,0,no Plasmodium,,100,35.7,1.07,68.5,0,38.49,0.236,71,0
r04_CI270_15.3.0,4,An. coluzzii,Exposed,27,0,15,0,with Plasmodium,1885.0000000000002,100,30.31,20,73.5,1,30.53,17.7,73.5,1
r04_CI270_15.4.0,4,An. coluzzii,Exposed,27,0,15,0,no Plasmodium,,100,No Cq,No Cq,65,0,No Cq,No Cq,93,0
r04_CI270_15.5.0,4,An. coluzzii,Exposed,27,0,15,0,with Plasmodium,618.5,100,29.75,9.05,73.5,1,31.73,3.32,73,1
r04_CI270_15.6.0,4,An. coluzzii,Exposed,27,0,15,0,no Plasmodium,,100,34.84,1.71,74,0,34.77,1.78,95,0
r04_CI270_17.1.0,4,An. coluzzii,Exposed,27,0,17,0,with Plasmodium,6280.0,100,28.27,60.1,73,1,28.12,65.5,73,1
r04_CI270_17.2.0,4,An. coluzzii,Exposed,27,0,17,0,no Plasmodium,,100,37.67,0.369,74,0,36.07,0.876,76,0
r04_CI270_17.3.0,4,An. coluzzii,Exposed,27,0,17,0,no Plasmodium,,100,34.9,4.89,74.5,0,37.52,1.37,92,0
r04_CI270_17.4.0,4,An. coluzzii,Exposed,27,0,17,0,no Plasmodium,,100,No Cq,No Cq,95,0,No Cq,No Cq,65,0
r04_CI270_17.5.0,4,An. coluzzii,Exposed,27,0,17,0,no Plasmodium,,100,38.91,0.188,76,0,No Cq,No Cq,68,0
r04_CI270_17.6.0,4,An. coluzzii,Exposed,27,0,17,0,no Plasmodium,,100,39.66,0.125,65,0,36.97,0.538,75,0
r04_CI270_19.1.0,4,An. coluzzii,Exposed,27,0,19,0,no Plasmodium,,100,36.68,0.63,65,0,37.81,0.342,75,0
r04_CI270_19.2.0,4,An. coluzzii,Exposed,27,0,19,0,no Plasmodium,,100,No Cq,No Cq,76.5,0,No Cq,No Cq,65,0
r04_CI270_19.3.0,4,An. coluzzii,Exposed,27,0,19,0,no Plasmodium,,100,37.29,0.453,92,0,38.44,0.243,70.5,0
r04_CI270_19.4.0,4,An. coluzzii,Exposed,27,0,19,0,with Plasmodium,1507.0,100,31.96,8.14,73,1,30.13,22,73,1
r04_CI270_19.5.0,4,An. coluzzii,Exposed,27,0,19,0,with Plasmodium,1011.5,100,31.04,13.4,72.5,1,32.28,6.83,73.5,1
r04_CI270_19.6.0,4,An. coluzzii,Exposed,27,0,19,0,with Plasmodium,1120.0,100,31.69,9.4,73,1,31.1,13,73,1
r04_CI270_21.1.0,4,An. coluzzii,Exposed,27,0,21,0,no Plasmodium,,100,39.83,0.114,65,0,No Cq,No Cq,95,0
r04_CI270_21.2.0,4,An. coluzzii,Exposed,27,0,21,0,with Plasmodium,163.5,100,35.02,1.55,73,1,34.82,1.72,73,1
r04_CI270_21.3.0,4,An. coluzzii,Exposed,27,0,21,0,with Plasmodium,754.0,100,32.15,7.34,73,1,32.05,7.74,73,1
r04_CI270_21.4.0,4,An. coluzzii,Exposed,27,0,21,0,no Plasmodium,,100,No Cq,No Cq,95,0,No Cq,No Cq,65,0
r04_CI270_21.5.0,4,An. coluzzii,Exposed,27,0,21,0,no Plasmodium,,100,No Cq,No Cq,95,0,39.38,0.146,65,0
r04_CI270_21.6.0,4,An. coluzzii,Exposed,27,0,21,0,with Plasmodium,492.5,100,33.32,3.9,73,1,32.54,5.95,73,1
r04_CI270_23.1.0,4,An. coluzzii,Exposed,27,0,23,0,no Plasmodium,,100,37.84,0.337,65,0,39.23,0.158,73,0
r04_CI270_23.2.0,4,An. coluzzii,Exposed,27,0,23,0,no Plasmodium,,100,No Cq,No Cq,95,0,No Cq,No Cq,86,0
r04_CI270_23.3.0,4,An. coluzzii,Exposed,27,0,23,0,with Plasmodium,418.50000000000006,100,32.78,5.23,73,1,33.72,3.14,72.5,1
r04_CI270_23.4.0,4,An. coluzzii,Exposed,27,0,23,0,with Plasmodium,844.9999999999999,100,32.42,8.45,74,1,33.27,8.45,95,1
r04_CI270_23.5.0,4,An. coluzzii,Exposed,27,0,23,0,with Plasmodium,748.0,100,33.08,11.8,73,1,35.8,3.16,73,1
r04_CI270_04.1.x,4,An. coluzzii,Exposed,27,0,4,x,no Plasmodium,,100,35.82,1.44,78,0,37.45,1.44,65,0
r04_CI270_05.1.x,4,An. coluzzii,Exposed,27,0,5,x,no Plasmodium,,100,35.83,1.99,65,0,35.78,1.99,77,0
r04_CI270_06.1.x,4,An. coluzzii,Exposed,27,0,6,x,no Plasmodium,500.0,100,33.99,5,73.5,1,33.79,5,65,1
r04_CI270_06.2.x,4,An. coluzzii,Exposed,27,0,6,x,no Plasmodium,,100,35.03,2.19,73.5,0,36.41,2.19,95,0
r04_CI270_06.3.x,4,An. coluzzii,Exposed,27,0,6,x,no Plasmodium,,100,35.43,3.78,74.5,0,35.15,4.34,91.5,0
r04_CI270_06.4.x,4,An. coluzzii,Exposed,27,0,6,x,no Plasmodium,,100,No Cq,No Cq,65,0,38.43,0.56,65,0
r04_CI270_07.1.x,4,An. coluzzii,Exposed,27,0,7,x,no Plasmodium,,100,35.98,1.86,77.5,0,35.91,1.86,95,0
r04_CI270_07.2.x,4,An. coluzzii,Exposed,27,0,7,x,with Plasmodium,1060.0,100,31.84,10.6,74,1,33,10.6,73.5,1
r04_CI270_07.3.x,4,An. coluzzii,Exposed,27,0,7,x,with Plasmodium,289.0,100,32.12,2.72,75,1,31.89,3.06,74.5,1
r04_CI270_07.4.x,4,An. coluzzii,Exposed,27,0,7,x,no Plasmodium,,100,No Cq,No Cq,68,0,33.81,5.2,67.5,0
r04_CI270_08.1.x,4,An. coluzzii,Exposed,27,0,8,x,no Plasmodium,,100,39.6,0.319,95,0,No Cq,No Cq,95,0
r04_CI270_08.2.x,4,An. coluzzii,Exposed,27,0,8,x,no Plasmodium,,100,No Cq,No Cq,95,0,No Cq,No Cq,67.5,0
r04_CI270_08.3.x,4,An. coluzzii,Exposed,27,0,8,x,no Plasmodium,,100,38.01,0.663,75,0,38.16,0.663,95,0
r04_CI270_09.1.x,4,An. coluzzii,Exposed,27,0,9,x,no Plasmodium,,100,37.77,1.01,73,0,36.78,1.01,73,0
r04_CI270_09.2.x,4,An. coluzzii,Exposed,27,0,9,x,no Plasmodium,,100,No Cq,No Cq,95,0,39.26,0.376,95,0
r04_CI270_10.1.x,4,An. coluzzii,Exposed,27,0,10,x,no Plasmodium,,100,36.15,1.73,74,0,36.03,1.73,73.5,0
r04_CI270_11.1.x,4,An. coluzzii,Exposed,27,0,11,x,no Plasmodium,,100,No Cq,No Cq,72.5,0,No Cq,No Cq,93,0
r04_CI270_12.1.x,4,An. coluzzii,Exposed,27,0,12,x,no Plasmodium,,100,No Cq,No Cq,95,0,No Cq,No Cq,95,0
r04_CI270_14.1.x,4,An. coluzzii,Exposed,27,0,14,x,no Plasmodium,,100,37.39,1.01,75,0,37.04,1.01,74,0
r04_CI270_15.1.x,4,An. coluzzii,Exposed,27,0,15,x,with Plasmodium,1639.9999999999998,100,31.63,16.4,73.5,1,31.25,16.4,73.5,1
r04_CI270_16.1.x,4,An. coluzzii,Exposed,27,0,16,x,no Plasmodium,,100,34.93,2.57,75,0,35.68,2.57,75,0
r04_CI270_16.2.x,4,An. coluzzii,Exposed,27,0,16,x,with Plasmodium,4790.0,100,29.48,47.9,74,1,28.97,47.9,72.5,1
r04_CI270_16.3.x,4,An. coluzzii,Exposed,27,0,16,x,no Plasmodium,,100,39.5,0.335,70,0,No Cq,No Cq,65,0
r04_CI270_16.4.x,4,An. coluzzii,Exposed,27,0,16,x,no Plasmodium,,100,No Cq,No Cq,65,0,38.53,0.536,68,0
r04_CI270_17.1.x,4,An. coluzzii,Exposed,27,0,17,x,no Plasmodium,,100,No Cq,No Cq,95,0,No Cq,No Cq,95,0
r04_CI270_17.2.x,4,An. coluzzii,Exposed,27,0,17,x,no Plasmodium,,100,39.05,0.509,95,0,38.28,0.509,70,0
r04_CI270_17.3.x,4,An. coluzzii,Exposed,27,0,17,x,no Plasmodium,,100,39.05,0.848,69,0,36.72,0.848,76.5,0
r04_CI270_17.4.x,4,An. coluzzii,Exposed,27,0,17,x,no Plasmodium,,100,No Cq,No Cq,68.5,0,No Cq,No Cq,95,0
r04_CI270_17.5.x,4,An. coluzzii,Exposed,27,0,17,x,no Plasmodium,,100,37.75,1.39,95,0,35.8,1.39,74.5,0
r04_CI270_17.6.x,4,An. coluzzii,Exposed,27,0,17,x,no Plasmodium,,100,No Cq,No Cq,92.5,0,No Cq,No Cq,95,0
r04_CI270_17.7.x,4,An. coluzzii,Exposed,27,0,17,x,no Plasmodium,,100,No Cq,No Cq,74,0,35.95,1.85,76.5,0
r04_CI270_18.1.x,4,An. coluzzii,Exposed,27,0,18,x,no Plasmodium,,100,No Cq,No Cq,95,0,No Cq,No Cq,76,0
r04_CI270_18.2.x,4,An. coluzzii,Exposed,27,0,18,x,no Plasmodium,,100,No Cq,No Cq,95,0,38.7,0.493,73,0
r04_CI270_18.3.x,4,An. coluzzii,Exposed,27,0,18,x,no Plasmodium,,100,No Cq,No Cq,75,0,No Cq,No Cq,95,0
r04_CI270_19.1.x,4,An. coluzzii,Exposed,27,0,19,x,with Plasmodium,136.0,100,36.68,1.36,72.5,1,36.51,1.36,73,1
r04_CI270_19.2.x,4,An. coluzzii,Exposed,27,0,19,x,no Plasmodium,,100,36.91,1.85,73,0,No Cq,No Cq,68,0
r04_CI270_19.3.x,4,An. coluzzii,Exposed,27,0,19,x,no Plasmodium,,100,No Cq,No Cq,95,0,No Cq,No Cq,95,0
r04_CI270_19.4.x,4,An. coluzzii,Exposed,27,0,19,x,no Plasmodium,,100,No Cq,No Cq,95,0,No Cq,No Cq,95,0
r04_CI270_19.5.x,4,An. coluzzii,Exposed,27,0,19,x,no Plasmodium,,100,No Cq,No Cq,78,0,No Cq,No Cq,95,0
r04_CI270_19.6.x,4,An. coluzzii,Exposed,27,0,19,x,no Plasmodium,,100,36.58,1.52,75,0,36.16,1.52,77,0
r04_CI270_19.7.x,4,An. coluzzii,Exposed,27,0,19,x,no Plasmodium,,100,No Cq,No Cq,65,0,No Cq,No Cq,65,0
r04_CI270_20.1.x,4,An. coluzzii,Exposed,27,0,20,x,no Plasmodium,,100,No Cq,No Cq,65,0,No Cq,No Cq,65,0
r04_CI270_20.2.x,4,An. coluzzii,Exposed,27,0,20,x,with Plasmodium,141.0,100,33.09,1.66,74.5,1,33.8,1.16,74.5,1
r04_CI270_20.3.x,4,An. coluzzii,Exposed,27,0,20,x,no Plasmodium,,100,39.79,1,65,0,No Cq,No Cq,95,0
r04_CI270_20.4.x,4,An. coluzzii,Exposed,27,0,20,x,with Plasmodium,1775.0,100,34.87,19.8,73,1,35.26,15.7,73,1
r04_CI270_22.1.x,4,An. coluzzii,Exposed,27,0,22,x,no Plasmodium,,100,No Cq,No Cq,95,0,No Cq,No Cq,65,0
r04_CI270_22.2.x,4,An. coluzzii,Exposed,27,0,22,x,no Plasmodium,,100,37.76,3.43,65,0,No Cq,No Cq,65,0
r04_CI270_22.3.x,4,An. coluzzii,Exposed,27,0,22,x,with Plasmodium,1630.0,100,32.42,16.3,73,1,32.41,16.3,73,1
r04_CI270_23.1.x,4,An. coluzzii,Exposed,27,0,23,x,no Plasmodium,,100,38.49,0.859,92,0,35.95,2.94,65,0
r04_KI276_08.1.x,4,An. gambiae,Exposed,27,6,8,x,no Plasmodium,,100,No Cq,No Cq,65,0,39.76,1.02,65,0
r04_KI276_15.1.x,4,An. gambiae,Exposed,27,6,15,x,no Plasmodium,,100,No Cq,No Cq,95,0,No Cq,No Cq,65,0
r04_KI276_13.1.x,4,An. gambiae,Exposed,27,6,13,x,no Plasmodium,,100,39.63,0.493,65,0,38.7,0.773,72.5,0
r04_KI276_21.1.x,4,An. gambiae,Exposed,27,6,21,x,no Plasmodium,,100,No Cq,No Cq,68.5,0,No Cq,No Cq,65,0
r04_KI270_04.1.x,4,An. gambiae,Exposed,27,0,4,x,no Plasmodium,,100,No Cq,No Cq,65,0,No Cq,No Cq,65,0
r04_KI270_15.1.x,4,An. gambiae,Exposed,27,0,15,x,no Plasmodium,,100,38.52,2.16,73,0,No Cq,No Cq,77,0
r04_KI270_18.1.x,4,An. gambiae,Exposed,27,0,18,x,no Plasmodium,,100,No Cq,No Cq,65,0,39.71,1.05,68,0
r05_KI210_03.1.0,5,An. gambiae,Exposed,21,0,3,0,no Plasmodium,,100,38.56,0.316,72.5,0,No Cq,No Cq,73.5,0
r05_KI210_03.2.0,5,An. gambiae,Exposed,21,0,3,0,no Plasmodium,,100,No Cq,No Cq,92.5,0,No Cq,No Cq,65,0
r05_KI210_03.3.0,5,An. gambiae,Exposed,21,0,3,0,no Plasmodium,,100,No Cq,No Cq,70.5,0,37.64,0.51,73,0
r05_KI210_03.4.0,5,An. gambiae,Exposed,21,0,3,0,no Plasmodium,,100,37.91,0.443,75,0,38.14,0.392,95,0
r05_KI210_03.5.0,5,An. gambiae,Exposed,21,0,3,0,no Plasmodium,,100,No Cq,No Cq,75,0,No Cq,No Cq,65,0
r05_KI210_03.6.0,5,An. gambiae,Exposed,21,0,3,0,no Plasmodium,,100,37.1,0.679,76.5,0,No Cq,No Cq,74,0
r05_KI210_19.1.0,5,An. gambiae,Exposed,21,0,19,0,no Plasmodium,,100,No Cq,No Cq,95,0,36.79,0.798,73,0
r05_KI210_19.2.0,5,An. gambiae,Exposed,21,0,19,0,with Plasmodium,2195.0,100,31.38,13.7,73,1,29.87,30.2,73,1
r05_KI210_19.3.0,5,An. gambiae,Exposed,21,0,19,0,no Plasmodium,,100,38.9,0.264,95,0,No Cq,No Cq,73,0
r05_KI210_19.4.0,5,An. gambiae,Exposed,21,0,19,0,with Plasmodium,9555.0,100,28.01,80.1,73,1,27.39,111,73,1
r05_KI210_19.5.0,5,An. gambiae,Exposed,21,0,19,0,with Plasmodium,5635.0,100,29.36,39.5,72.5,1,28.18,73.2,73,1
r05_KI210_19.6.0,5,An. gambiae,Exposed,21,0,19,0,no Plasmodium,,100,37.21,0.638,73,0,37.99,0.425,92.5,0
r05_KI210_21.1.0,5,An. gambiae,Exposed,21,0,21,0,no Plasmodium,,100,No Cq,No Cq,65,0,39,0.251,93,0
r05_KI210_21.2.0,5,An. gambiae,Exposed,21,0,21,0,with Plasmodium,781.0,100,33.36,4.82,73,1,31.82,10.8,73,1
r05_KI210_21.3.0,5,An. gambiae,Exposed,21,0,21,0,no Plasmodium,,100,38.02,0.419,73.5,0,35.23,1.81,75.5,0
r05_KI210_21.4.0,5,An. gambiae,Exposed,21,0,21,0,with Plasmodium,49200.0,100,24.52,501,73,1,24.59,483,73,1
r05_KI210_21.5.0,5,An. gambiae,Exposed,21,0,21,0,no Plasmodium,,100,No Cq,No Cq,74.5,0,38.88,0.266,95,0
r05_KI210_21.6.0,5,An. gambiae,Exposed,21,0,21,0,with Plasmodium,661.5,100,32.25,8.65,73,1,33.46,4.58,72.5,1
r05_KI210_23.1.0,5,An. gambiae,Exposed,21,0,23,0,with Plasmodium,707.0,100,32.89,7.07,72.5,1,31.8,7.07,73.5,1
r05_KI210_23.2.0,5,An. gambiae,Exposed,21,0,23,0,no Plasmodium,,100,No Cq,No Cq,65,0,34.87,1.53,65,0
r05_KI210_23.3.0,5,An. gambiae,Exposed,21,0,23,0,no Plasmodium,,100,38.31,0.229,93,0,37.94,0.229,95,0
r05_KI210_23.4.0,5,An. gambiae,Exposed,21,0,23,0,with Plasmodium,43300.0,100,26.02,433,73.5,1,24.72,433,73,1
r05_KI210_23.5.0,5,An. gambiae,Exposed,21,0,23,0,with Plasmodium,310.0,100,33.6,3.1,75,1,33.74,3.1,74.5,1
r05_KI210_23.6.0,5,An. gambiae,Exposed,21,0,23,0,with Plasmodium,13500.0,100,26.9,135,73,1,27.64,135,72,1
r05_KI210_25.1.0,5,An. gambiae,Exposed,21,0,25,0,no Plasmodium,,100,No Cq,No Cq,65,0,No Cq,No Cq,65,0
r05_KI210_25.2.0,5,An. gambiae,Exposed,21,0,25,0,with Plasmodium,7730.0,100,29.53,66,73,1,28.92,88.6,73,1
r05_KI210_25.3.0,5,An. gambiae,Exposed,21,0,25,0,no Plasmodium,,100,36.29,0.795,95,0,35.73,0.795,74,0
r05_KI210_25.4.0,5,An. gambiae,Exposed,21,0,25,0,with Plasmodium,6010.0,100,28.81,60.1,73,1,28.43,60.1,73.5,1
r05_KI210_25.5.0,5,An. gambiae,Exposed,21,0,25,0,no Plasmodium,,100,No Cq,No Cq,65,0,38.33,0.201,65,0
r05_KI210_25.6.0,5,An. gambiae,Exposed,21,0,25,0,no Plasmodium,,100,38.19,1.24,95,0,34.2,1.24,65,0
r05_KI210_27.1.0,5,An. gambiae,Exposed,21,0,27,0,no Plasmodium,,100,No Cq,No Cq,65,0,No Cq,No Cq,65,0
r05_KI210_27.2.0,5,An. gambiae,Exposed,21,0,27,0,with Plasmodium,157.50000000000003,100,32.63,2.1,73.5,1,34,1.05,74.5,1
r05_KI210_27.3.0,5,An. gambiae,Exposed,21,0,27,0,with Plasmodium,724.0,100,31.67,7.24,73.5,1,33.04,7.24,73,1
r05_KI210_27.4.0,5,An. gambiae,Exposed,21,0,27,0,no Plasmodium,,100,38.89,0.145,68.5,0,No Cq,No Cq,65,0
r05_KI210_27.5.0,5,An. gambiae,Exposed,21,0,27,0,with Plasmodium,454.0,100,32.5,4.54,73,1,33.76,4.54,73,1
r05_KI210_27.6.0,5,An. gambiae,Exposed,21,0,27,0,no Plasmodium,,100,37.86,0.267,77,0,37.83,0.267,95,0
r05_KI210_29.2.0,5,An. gambiae,Exposed,21,0,29,0,no Plasmodium,,100,No Cq,No Cq,65,0,No Cq,No Cq,65,0
r05_KI210_29.3.0,5,An. gambiae,Exposed,21,0,29,0,no Plasmodium,,100,No Cq,No Cq,91.5,0,No Cq,No Cq,95,0
r05_KI210_29.4.0,5,An. gambiae,Exposed,21,0,29,0,with Plasmodium,5780.0,100,29.53,57.8,73,1,28.11,57.8,72,1
r05_KI210_29.5.0,5,An. gambiae,Exposed,21,0,29,0,no Plasmodium,,100,No Cq,No Cq,65,0,No Cq,No Cq,65,0
r05_KI210_29.6.0,5,An. gambiae,Exposed,21,0,29,0,no Plasmodium,,100,No Cq,No Cq,95,0,No Cq,No Cq,65,0
r05_KI210_30.1.0,5,An. gambiae,Exposed,21,0,30,0,no Plasmodium,,100,No Cq,No Cq,95,0,No Cq,No Cq,95,0
r05_KI210_30.2.0,5,An. gambiae,Exposed,21,0,30,0,no Plasmodium,,100,No Cq,No Cq,65,0,No Cq,No Cq,65,0
r05_KI210_03.1.x,5,An. gambiae,Exposed,21,0,3,x,no Plasmodium,,100,35.5,1.57,95,0,No Cq,No Cq,65,0
r05_KI210_07.1.x,5,An. gambiae,Exposed,21,0,7,x,no Plasmodium,,100,39.79,0.165,95,0,No Cq,No Cq,95,0
r05_KI210_08.1.x,5,An. gambiae,Exposed,21,0,8,x,no Plasmodium,,100,37.44,0.568,95,0,36.19,1.09,95,0
r05_KI210_08.2.x,5,An. gambiae,Exposed,21,0,8,x,no Plasmodium,,100,37.31,0.607,95,0,36.16,1.11,77.5,0
r05_KI210_08.3.x,5,An. gambiae,Exposed,21,0,8,x,no Plasmodium,,100,34.91,2.14,65,0,36.31,1.03,72,0
r05_KI210_09.1.x,5,An. gambiae,Exposed,21,0,9,x,with Plasmodium,1555.0,100,30.62,20.4,74.5,1,31.84,10.7,74,1
r05_KI210_10.1.x,5,An. gambiae,Exposed,21,0,10,x,no Plasmodium,,100,39.1,0.238,69.5,0,No Cq,No Cq,65,0
r05_KI210_10.2.x,5,An. gambiae,Exposed,21,0,10,x,no Plasmodium,,100,No Cq,No Cq,95,0,No Cq,No Cq,95,0
r05_KI210_10.3.x,5,An. gambiae,Exposed,21,0,10,x,with Plasmodium,423.00000000000006,100,34.3,2.96,74,1,33.11,5.5,73.5,1
r05_KI210_11.1.x,5,An. gambiae,Exposed,21,0,11,x,no Plasmodium,,100,33.87,3.69,73.5,0,35.47,1.6,74.5,0
r05_KI210_13.1.x,5,An. gambiae,Exposed,21,0,13,x,no Plasmodium,,100,35.5,1.57,95,0,No Cq,No Cq,65,0
r05_KI210_15.1.x,5,An. gambiae,Exposed,21,0,15,x,with Plasmodium,2915.0,100,29.49,36.8,73.5,1,30.52,21.5,73,1
r05_KI210_15.2.x,5,An. gambiae,Exposed,21,0,15,x,no Plasmodium,,100,No Cq,No Cq,73,0,No Cq,No Cq,65,0
r05_KI210_16.1.x,5,An. gambiae,Exposed,21,0,16,x,no Plasmodium,,100,No Cq,No Cq,77.5,0,No Cq,No Cq,65,0
r05_KI210_16.2.x,5,An. gambiae,Exposed,21,0,16,x,no Plasmodium,,100,36.8,0.796,74,0,36.01,1.2,73.5,0
r05_KI210_16.3.x,5,An. gambiae,Exposed,21,0,16,x,with Plasmodium,565.0,100,32.54,7.45,73.5,1,33.79,3.85,71,1
r05_KI210_17.1.x,5,An. gambiae,Exposed,21,0,17,x,no Plasmodium,,100,No Cq,No Cq,95,0,No Cq,No Cq,65,0
r05_KI210_17.2.x,5,An. gambiae,Exposed,21,0,17,x,no Plasmodium,,100,No Cq,No Cq,68.5,0,No Cq,No Cq,75.5,0
r05_KI210_19.1.x,5,An. gambiae,Exposed,21,0,19,x,no Plasmodium,,100,37.56,1.11,65,0,37.53,1.12,74,0
r05_KI210_20.1.x,5,An. gambiae,Exposed,21,0,20,x,no Plasmodium,,100,No Cq,No Cq,65,0,No Cq,No Cq,65,0
r05_KI210_21.1.x,5,An. gambiae,Exposed,21,0,21,x,no Plasmodium,,100,No Cq,No Cq,65,0,No Cq,No Cq,67,0
r05_KI210_21.2.x,5,An. gambiae,Exposed,21,0,21,x,no Plasmodium,,100,No Cq,No Cq,65,0,No Cq,No Cq,65,0
r05_KI210_23.1.x,5,An. gambiae,Exposed,21,0,23,x,with Plasmodium,8869.999999999998,100,26.57,82.8,72.5,1,26.23,94.6,72.5,1
r05_KI210_23.2.x,5,An. gambiae,Exposed,21,0,23,x,with Plasmodium,1754.9999999999998,100,30.33,18.9,72.5,1,30.73,16.2,72.5,1
r05_KI210_24.1.x,5,An. gambiae,Exposed,21,0,24,x,with Plasmodium,7875.0,100,26.75,77.3,72.5,1,26.65,80.2,72.5,1
r05_KI210_26.1.x,5,An. gambiae,Exposed,21,0,26,x,with Plasmodium,3345.0000000000005,100,28.92,32.9,73,1,28.84,34,73,1
r05_KI210_27.1.x,5,An. gambiae,Exposed,21,0,27,x,no Plasmodium,,100,No Cq,No Cq,67.5,0,No Cq,No Cq,65,0
r05_KI210_28.1.x,5,An. gambiae,Exposed,21,0,28,x,no Plasmodium,,100,39.86,0.0536,65,0,36.63,0.276,65,0
r05_KI210_30.1.x,5,An. gambiae,Exposed,21,0,30,x,no Plasmodium,,100,36.17,1.91,74,0,36.43,1.72,74.5,0
r05_KI216_03.2.0,5,An. gambiae,Exposed,21,6,3,0,no Plasmodium,,100,No Cq,No Cq,95,0,No Cq,No Cq,95,0
r05_KI216_03.3.0,5,An. gambiae,Exposed,21,6,3,0,no Plasmodium,,100,No Cq,No Cq,65,0,No Cq,No Cq,95,0
r05_KI216_03.4.0,5,An. gambiae,Exposed,21,6,3,0,no Plasmodium,,100,No Cq,No Cq,95,0,No Cq,No Cq,65,0
r05_KI216_03.5.0,5,An. gambiae,Exposed,21,6,3,0,no Plasmodium,,100,No Cq,No Cq,95,0,No Cq,No Cq,65,0
r05_KI216_03.6.0,5,An. gambiae,Exposed,21,6,3,0,no Plasmodium,,100,34.07,1.8,74,0,35.35,1.8,73,0
r05_KI216_19.1.0,5,An. gambiae,Exposed,21,6,19,0,with Plasmodium,13700.0,100,28.12,137,73,1,26.61,137,73,1
r05_KI216_19.2.0,5,An. gambiae,Exposed,21,6,19,0,with Plasmodium,400.0,100,34.6,4,73.5,1,32.48,4,73,1
r05_KI216_19.3.0,5,An. gambiae,Exposed,21,6,19,0,with Plasmodium,526.0,100,32.88,5.26,72.5,1,32.66,5.26,73,1
r05_KI216_19.4.0,5,An. gambiae,Exposed,21,6,19,0,with Plasmodium,6630.0,100,28.66,66.3,72.5,1,28.25,66.3,73,1
r05_KI216_19.5.0,5,An. gambiae,Exposed,21,6,19,0,with Plasmodium,16300.0,100,26.4,163,72.5,1,27.65,163,73,1
r05_KI216_19.6.0,5,An. gambiae,Exposed,21,6,19,0,with Plasmodium,15900.0,100,27.16,159,72.5,1,26.78,159,72.5,1
r05_KI216_21.1.0,5,An. gambiae,Exposed,21,6,21,0,no Plasmodium,,100,39.24,0.118,78,0,No Cq,No Cq,74,0
r05_KI216_21.2.0,5,An. gambiae,Exposed,21,6,21,0,no Plasmodium,,100,No Cq,No Cq,74,0,38.35,0.199,73.5,0
r05_KI216_21.3.0,5,An. gambiae,Exposed,21,6,21,0,no Plasmodium,,100,No Cq,No Cq,65,0,38.94,0.69,72,0
r05_KI216_21.4.0,5,An. gambiae,Exposed,21,6,21,0,no Plasmodium,,100,38.55,0.269,95,0,37.34,0.269,76,0
r05_KI216_21.5.0,5,An. gambiae,Exposed,21,6,21,0,with Plasmodium,916.0,100,31.73,9.16,72.5,1,31.91,9.16,72.5,1
r05_KI216_21.6.0,5,An. gambiae,Exposed,21,6,21,0,no Plasmodium,,100,No Cq,No Cq,95,0,No Cq,No Cq,74.5,0
r05_KI216_23.1.0,5,An. gambiae,Exposed,21,6,23,0,no Plasmodium,,100,36.36,2.41,73.5,0,39.74,0.468,72.5,0
r05_KI216_23.2.0,5,An. gambiae,Exposed,21,6,23,0,with Plasmodium,195.29999999999998,100,31.98,2.92,74,1,34.12,0.986,73.5,1
r05_KI216_23.3.0,5,An. gambiae,Exposed,21,6,23,0,with Plasmodium,15350.0,100,28.08,134,72.5,1,27.54,173,73.5,1
r05_KI216_23.4.0,5,An. gambiae,Exposed,21,6,23,0,with Plasmodium,531.0,100,35.19,4.24,72.5,1,34.35,6.38,73,1
r05_KI216_23.5.0,5,An. gambiae,Exposed,21,6,23,0,no Plasmodium,,100,39.07,0.648,91.5,0,No Cq,No Cq,65,0
r05_KI216_23.6.0,5,An. gambiae,Exposed,21,6,23,0,with Plasmodium,12900.0,100,28.5,109,73,1,27.86,149,72.5,1
r05_KI216_25.1.0,5,An. gambiae,Exposed,21,6,25,0,no Plasmodium,,100,No Cq,No Cq,95,0,No Cq,No Cq,92.5,0
r05_KI216_25.2.0,5,An. gambiae,Exposed,21,6,25,0,no Plasmodium,,100,No Cq,No Cq,95,0,No Cq,No Cq,65,0
r05_KI216_25.3.0,5,An. gambiae,Exposed,21,6,25,0,with Plasmodium,4650.0,100,29.91,54.8,72,1,30.66,38.2,72.5,1
r05_KI216_25.4.0,5,An. gambiae,Exposed,21,6,25,0,with Plasmodium,3150.0,100,31.69,23.1,73,1,30.57,39.9,72.5,1
r05_KI216_25.5.0,5,An. gambiae,Exposed,21,6,25,0,with Plasmodium,2000.0,100,32.96,12.5,72.5,1,31.33,27.5,72.5,1
r05_KI216_25.6.0,5,An. gambiae,Exposed,21,6,25,0,no Plasmodium,,100,No Cq,No Cq,91.5,0,No Cq,No Cq,73,0
r05_KI216_27.1.0,5,An. gambiae,Exposed,21,6,27,0,with Plasmodium,10485.0,100,28.47,110,72.5,1,28.68,99.7,72.5,1
r05_KI216_27.2.0,5,An. gambiae,Exposed,21,6,27,0,with Plasmodium,10025.0,100,25.87,109,72.5,1,26.32,91.5,72.5,1
r05_KI216_27.3.0,5,An. gambiae,Exposed,21,6,27,0,no Plasmodium,,100,36.59,1.62,71.5,0,37.02,1.37,76.5,0
r05_KI216_03.1.x,5,An. gambiae,Exposed,21,6,3,x,no Plasmodium,31250.0,100,24.39,312,73.5,1,24.37,313,73.5,1
r05_KI216_08.1.x,5,An. gambiae,Exposed,21,6,8,x,no Plasmodium,,100,37.86,1.1,65,0,35.55,2.9,68,0
r05_KI216_08.2.x,5,An. gambiae,Exposed,21,6,8,x,no Plasmodium,,100,No Cq,No Cq,68.5,0,No Cq,No Cq,68,0
r05_KI216_09.1.x,5,An. gambiae,Exposed,21,6,9,x,no Plasmodium,,100,No Cq,No Cq,95,0,38.48,0.851,75.5,0
r05_KI216_09.2.x,5,An. gambiae,Exposed,21,6,9,x,no Plasmodium,,100,No Cq,No Cq,65,0,36.3,2.13,67,0
r05_KI216_09.3.x,5,An. gambiae,Exposed,21,6,9,x,no Plasmodium,,100,34.01,5.53,95,0,33.52,6.81,74.5,0
r05_KI216_10.1.x,5,An. gambiae,Exposed,21,6,10,x,no Plasmodium,,100,35.03,3.62,72.5,0,35.52,2.95,67.5,0
r05_KI216_11.1.x,5,An. gambiae,Exposed,21,6,11,x,no Plasmodium,,100,35.01,3.64,76,0,35.34,3.17,65,0
r05_KI216_11.2.x,5,An. gambiae,Exposed,21,6,11,x,no Plasmodium,,100,37.62,1.22,73.5,0,39.06,0.669,70.5,0
r05_KI216_11.3.x,5,An. gambiae,Exposed,21,6,11,x,no Plasmodium,,100,No Cq,No Cq,65,0,No Cq,No Cq,68,0
r05_KI216_11.4.x,5,An. gambiae,Exposed,21,6,11,x,no Plasmodium,,100,No Cq,No Cq,65,0,35.1,3.51,95,0
r05_KI216_11.5.x,5,An. gambiae,Exposed,21,6,11,x,no Plasmodium,,100,36.9,1.65,76,0,33.78,6.1,74,0
r05_KI216_12.1.x,5,An. gambiae,Exposed,21,6,12,x,no Plasmodium,,100,37.16,1.48,75,0,No Cq,No Cq,95,0
r05_KI216_12.2.x,5,An. gambiae,Exposed,21,6,12,x,no Plasmodium,,100,34.24,5.04,75.5,0,33.81,6.03,73.5,0
r05_KI216_12.3.x,5,An. gambiae,Exposed,21,6,12,x,no Plasmodium,,100,38.62,0.802,95,0,No Cq,No Cq,95,0
r05_KI216_12.4.x,5,An. gambiae,Exposed,21,6,12,x,no Plasmodium,,100,37.1,1.52,73.5,0,No Cq,No Cq,65,0
r05_KI216_12.5.x,5,An. gambiae,Exposed,21,6,12,x,no Plasmodium,,100,38.24,0.942,93,0,34.46,4.59,75,0
r05_KI216_13.1.x,5,An. gambiae,Exposed,21,6,13,x,no Plasmodium,,100,37.05,1.55,95,0,36.79,1.73,74,0
r05_KI216_15.1.x,5,An. gambiae,Exposed,21,6,15,x,no Plasmodium,,100,35.76,2.66,74,0,36.48,1.97,74,0
r05_KI216_16.1.x,5,An. gambiae,Exposed,21,6,16,x,no Plasmodium,,100,37.91,1.08,75,0,38.19,0.962,74.5,0
r05_KI216_17.1.x,5,An. gambiae,Exposed,21,6,17,x,no Plasmodium,,100,No Cq,No Cq,95,0,No Cq,No Cq,70,0
r05_KI216_18.1.x,5,An. gambiae,Exposed,21,6,18,x,no Plasmodium,,100,No Cq,No Cq,92,0,39.62,0.528,78,0
r05_KI216_18.2.x,5,An. gambiae,Exposed,21,6,18,x,no Plasmodium,,100,No Cq,No Cq,93,0,No Cq,No Cq,80.5,0
r05_KI216_19.1.x,5,An. gambiae,Exposed,21,6,19,x,no Plasmodium,,100,No Cq,No Cq,76.5,0,No Cq,No Cq,95,0
r05_KI216_19.2.x,5,An. gambiae,Exposed,21,6,19,x,with Plasmodium,17600.0,100,25.26,216,73,1,26.36,136,73,1
r05_KI216_19.3.x,5,An. gambiae,Exposed,21,6,19,x,with Plasmodium,3215.0000000000005,100,30.01,29.6,73,1,29.63,34.7,73,1
r05_KI216_19.4.x,5,An. gambiae,Exposed,21,6,19,x,no Plasmodium,,100,No Cq,No Cq,95,0,37.88,1.1,72.5,0
r05_KI216_19.5.x,5,An. gambiae,Exposed,21,6,19,x,no Plasmodium,,100,No Cq,No Cq,92,0,No Cq,No Cq,95,0
r05_KI216_20.1.x,5,An. gambiae,Exposed,21,6,20,x,with Plasmodium,331.50000000000006,100,35.93,2.48,73.5,1,34.7,4.15,73,1
r05_KI216_20.2.x,5,An. gambiae,Exposed,21,6,20,x,no Plasmodium,,100,36.8,1.72,72.5,0,No Cq,No Cq,95,0
r05_KI216_20.3.x,5,An. gambiae,Exposed,21,6,20,x,no Plasmodium,,100,38.63,0.799,75.5,0,39.12,0.653,95,0
r05_KI216_20.4.x,5,An. gambiae,Exposed,21,6,20,x,no Plasmodium,,100,35.81,2.61,73,0,No Cq,No Cq,95,0
r05_KI216_21.1.x,5,An. gambiae,Exposed,21,6,21,x,with Plasmodium,809.0,100,32.05,12.6,73,1,35.05,3.58,72.5,1
r05_KI216_21.2.x,5,An. gambiae,Exposed,21,6,21,x,no Plasmodium,,100,35.49,1.58,95,0,No Cq,No Cq,95,0
r05_KI216_21.3.x,5,An. gambiae,Exposed,21,6,21,x,no Plasmodium,,100,No Cq,No Cq,95,0,36.92,0.746,95,0
r05_KI216_22.1.x,5,An. gambiae,Exposed,21,6,22,x,with Plasmodium,3975.0,100,28.85,51.6,73.5,1,30.02,27.9,73,1
r05_KI216_24.1.x,5,An. gambiae,Exposed,21,6,24,x,with Plasmodium,19150.0,100,26.54,173,73,1,26.18,210,73,1
r05_KI216_24.2.x,5,An. gambiae,Exposed,21,6,24,x,with Plasmodium,5780.0,100,29.15,44.1,70.5,1,28.23,71.5,73,1
r05_KI216_27.1.x,5,An. gambiae,Exposed,21,6,27,x,no Plasmodium,,100,35.46,1.6,95,0,36.75,0.817,95,0
r05_CI216_03.1.0,5,An. coluzzii,Exposed,21,6,3,0,no Plasmodium,,100,36.13,1.94,73,0,36.89,1.44,68,0
r05_CI216_03.2.0,5,An. coluzzii,Exposed,21,6,3,0,no Plasmodium,,100,36.1,1.97,73,0,37.58,1.1,65,0
r05_CI216_03.3.0,5,An. coluzzii,Exposed,21,6,3,0,no Plasmodium,,100,No Cq,No Cq,67.5,0,No Cq,No Cq,65,0
r05_CI216_03.4.0,5,An. coluzzii,Exposed,21,6,3,0,no Plasmodium,,100,No Cq,No Cq,67.5,0,37.98,0.937,72.5,0
r05_CI216_03.5.0,5,An. coluzzii,Exposed,21,6,3,0,no Plasmodium,,100,36.87,1.45,76,0,37.34,1.21,67.5,0
r05_CI216_03.6.0,5,An. coluzzii,Exposed,21,6,3,0,no Plasmodium,,100,No Cq,No Cq,93,0,39.91,0.44,65,0
r05_CI216_03.1.x,5,An. coluzzii,Exposed,21,6,3,x,no Plasmodium,,100,No Cq,No Cq,67.5,0,No Cq,No Cq,90.5,0
r05_CI216_03.2.x,5,An. coluzzii,Exposed,21,6,3,x,no Plasmodium,,100,No Cq,No Cq,90,0,No Cq,No Cq,65,0
r05_CI216_03.3.x,5,An. coluzzii,Exposed,21,6,3,x,no Plasmodium,,100,39.93,0.917,65,0,38.62,2.04,91,0
r05_CI216_07.1.x,5,An. coluzzii,Exposed,21,6,7,x,no Plasmodium,,100,No Cq,No Cq,65,0,No Cq,No Cq,71,0
r05_CI216_07.2.x,5,An. coluzzii,Exposed,21,6,7,x,no Plasmodium,,100,No Cq,No Cq,75,0,38.98,1.63,90.5,0
r05_CI216_07.3.x,5,An. coluzzii,Exposed,21,6,7,x,no Plasmodium,,100,No Cq,No Cq,91,0,38.72,1.92,65,0
r05_CI216_07.4.x,5,An. coluzzii,Exposed,21,6,7,x,no Plasmodium,,100,No Cq,No Cq,90,0,38.58,2.09,74.5,0
r05_CI216_07.5.x,5,An. coluzzii,Exposed,21,6,7,x,no Plasmodium,,100,No Cq,No Cq,91.5,0,No Cq,No Cq,65,0
r05_CI216_07.6.x,5,An. coluzzii,Exposed,21,6,7,x,no Plasmodium,,100,No Cq,No Cq,73,0,39.08,1.54,91.5,0
r05_CI216_08.1.x,5,An. coluzzii,Exposed,21,6,8,x,no Plasmodium,,100,39.47,1.21,65,0,No Cq,No Cq,65,0
r05_CI216_08.2.x,5,An. coluzzii,Exposed,21,6,8,x,no Plasmodium,,100,38.44,2.26,72,0,No Cq,No Cq,91,0
r05_CI216_08.3.x,5,An. coluzzii,Exposed,21,6,8,x,no Plasmodium,,100,No Cq,No Cq,76,0,No Cq,No Cq,95,0
r05_CI216_08.4.x,5,An. coluzzii,Exposed,21,6,8,x,no Plasmodium,,100,36.58,2.62,95,0,36.04,3.41,67.5,0
r05_CI216_08.5.x,5,An. coluzzii,Exposed,21,6,8,x,no Plasmodium,,100,39.77,0.543,95,0,No Cq,No Cq,65,0
r05_CI216_08.6.x,5,An. coluzzii,Exposed,21,6,8,x,no Plasmodium,,100,34,9.32,65,0,33.56,11.6,69,0
r05_CI216_08.7.x,5,An. coluzzii,Exposed,21,6,8,x,no Plasmodium,,100,35.47,4.51,68,0,35.01,5.65,65,0
r05_CI216_08.8.x,5,An. coluzzii,Exposed,21,6,8,x,no Plasmodium,,100,No Cq,No Cq,88.5,0,39.95,0.0152,74,0
r05_CI216_08.9.x,5,An. coluzzii,Exposed,21,6,8,x,no Plasmodium,,100,No Cq,No Cq,67.5,0,No Cq,No Cq,67,0
r05_CI216_08.10.x,5,An. coluzzii,Exposed,21,6,8,x,no Plasmodium,,100,34.94,5.86,76.5,0,No Cq,No Cq,67.5,0
r05_CI216_08.11.x,5,An. coluzzii,Exposed,21,6,8,x,no Plasmodium,,100,38.42,1.06,65,0,34.85,6.13,67.5,0
r05_CI216_08.12.x,5,An. coluzzii,Exposed,21,6,8,x,no Plasmodium,,100,No Cq,No Cq,65,0,No Cq,No Cq,65,0
r05_CI216_09.1.x,5,An. coluzzii,Exposed,21,6,9,x,no Plasmodium,,100,No Cq,No Cq,65,0,36.6,2.59,65,0
r05_CI216_09.2.x,5,An. coluzzii,Exposed,21,6,9,x,no Plasmodium,,100,35.97,2.07,73.5,0,36.77,1.51,74,0
r05_CI216_09.3.x,5,An. coluzzii,Exposed,21,6,9,x,no Plasmodium,,100,37.44,1.71,70.5,0,35.97,3.52,74.5,0
r05_CI216_09.4.x,5,An. coluzzii,Exposed,21,6,9,x,no Plasmodium,,100,36.87,2.26,75,0,37.7,1.51,95,0
r05_CI216_09.5.x,5,An. coluzzii,Exposed,21,6,9,x,no Plasmodium,,100,No Cq,No Cq,73.5,0,No Cq,No Cq,65,0
r05_CI216_09.6.x,5,An. coluzzii,Exposed,21,6,9,x,no Plasmodium,,100,36.38,2.88,68.5,0,32.84,16.5,72.5,0
r05_CI216_09.7.x,5,An. coluzzii,Exposed,21,6,9,x,no Plasmodium,,100,38.92,0.828,73,0,37.45,1.7,73,0
r05_CI216_09.8.x,5,An. coluzzii,Exposed,21,6,9,x,no Plasmodium,,100,35.74,2.26,74.5,0,37.82,0.999,74.5,0
r05_CI216_09.9.x,5,An. coluzzii,Exposed,21,6,9,x,no Plasmodium,,100,37.66,1.54,74,0,No Cq,No Cq,70,0
r05_CI216_09.10.x,5,An. coluzzii,Exposed,21,6,9,x,no Plasmodium,,100,No Cq,No Cq,95,0,No Cq,No Cq,95,0
r05_CI216_09.11.x,5,An. coluzzii,Exposed,21,6,9,x,no Plasmodium,,100,No Cq,No Cq,95,0,39.2,0.72,95,0
r05_CI216_09.12.x,5,An. coluzzii,Exposed,21,6,9,x,no Plasmodium,,100,No Cq,No Cq,67,0,No Cq,No Cq,65,0
r05_CI216_09.13.x,5,An. coluzzii,Exposed,21,6,9,x,no Plasmodium,,100,No Cq,No Cq,71.5,0,39.25,0.7,75.5,0
r05_CI216_09.14.x,5,An. coluzzii,Exposed,21,6,9,x,no Plasmodium,,100,No Cq,No Cq,65,0,No Cq,No Cq,71.5,0
r05_CI216_09.15.x,5,An. coluzzii,Exposed,21,6,9,x,no Plasmodium,,100,No Cq,No Cq,92,0,No Cq,No Cq,95,0
r05_CI216_09.16.x,5,An. coluzzii,Exposed,21,6,9,x,no Plasmodium,,100,No Cq,No Cq,95,0,No Cq,No Cq,95,0
r05_CI216_10.1.x,5,An. coluzzii,Exposed,21,6,10,x,no Plasmodium,,100,No Cq,No Cq,72.5,0,No Cq,No Cq,65,0
r05_CI216_10.2.x,5,An. coluzzii,Exposed,21,6,10,x,no Plasmodium,,100,No Cq,No Cq,67.5,0,No Cq,No Cq,91,0
r05_CI216_10.3.x,5,An. coluzzii,Exposed,21,6,10,x,no Plasmodium,,100,No Cq,No Cq,91.5,0,No Cq,No Cq,67.5,0
r05_CI216_10.4.x,5,An. coluzzii,Exposed,21,6,10,x,no Plasmodium,,100,No Cq,No Cq,73.5,0,No Cq,No Cq,75,0
r05_CI216_10.5.x,5,An. coluzzii,Exposed,21,6,10,x,no Plasmodium,,100,No Cq,No Cq,67.5,0,No Cq,No Cq,95,0
r05_CI216_10.6.x,5,An. coluzzii,Exposed,21,6,10,x,no Plasmodium,,100,No Cq,No Cq,93,0,39.45,0.637,74.5,0
r05_CI216_10.7.x,5,An. coluzzii,Exposed,21,6,10,x,no Plasmodium,,100,No Cq,No Cq,78,0,No Cq,No Cq,65,0
r05_CI216_10.8.x,5,An. coluzzii,Exposed,21,6,10,x,no Plasmodium,,100,36.97,2.16,74.5,0,No Cq,No Cq,73,0
r05_CI216_10.9.x,5,An. coluzzii,Exposed,21,6,10,x,no Plasmodium,,100,38.45,1.04,95,0,37.42,1.73,74,0
r05_CI216_10.10.x,5,An. coluzzii,Exposed,21,6,10,x,no Plasmodium,,100,No Cq,No Cq,74,0,No Cq,No Cq,65,0
r05_CI216_10.11.x,5,An. coluzzii,Exposed,21,6,10,x,no Plasmodium,,100,37.35,1.79,73,0,37.07,2.05,72.5,0
r05_CI216_10.12.x,5,An. coluzzii,Exposed,21,6,10,x,no Plasmodium,,100,No Cq,No Cq,95,0,No Cq,No Cq,95,0
r05_CI216_10.13.x,5,An. coluzzii,Exposed,21,6,10,x,no Plasmodium,,100,No Cq,No Cq,95,0,No Cq,No Cq,65,0
r05_CI216_10.14.x,5,An. coluzzii,Exposed,21,6,10,x,no Plasmodium,,100,No Cq,No Cq,74.5,0,No Cq,No Cq,95,0
r05_CI216_10.15.x,5,An. coluzzii,Exposed,21,6,10,x,no Plasmodium,,100,No Cq,No Cq,65,0,No Cq,No Cq,95,0
r05_CI216_10.16.x,5,An. coluzzii,Exposed,21,6,10,x,no Plasmodium,,100,37.76,1.46,72.5,0,No Cq,No Cq,92.5,0
r05_CI216_10.17.x,5,An. coluzzii,Exposed,21,6,10,x,no Plasmodium,,100,37.9,1.36,95,0,36.44,2.8,73.5,0
r05_CI216_10.18.x,5,An. coluzzii,Exposed,21,6,10,x,no Plasmodium,,100,37.9,1.37,65,0,36.5,2.67,95,0
r05_CI216_10.19.x,5,An. coluzzii,Exposed,21,6,10,x,no Plasmodium,,100,35.91,3.53,95,0,33.44,11.4,65,0
r05_CI216_10.20.x,5,An. coluzzii,Exposed,21,6,10,x,no Plasmodium,,100,36.19,1.89,72.5,0,36.08,1.98,65,0
r05_CI216_10.21.x,5,An. coluzzii,Exposed,21,6,10,x,no Plasmodium,,100,34.2,7.95,95,0,33.35,12,74,0
r05_CI216_10.22.x,5,An. coluzzii,Exposed,21,6,10,x,no Plasmodium,,100,39.33,0.691,65,0,No Cq,No Cq,67,0
r05_CI216_10.23.x,5,An. coluzzii,Exposed,21,6,10,x,no Plasmodium,,100,30.65,43.2,95,0,33.06,13.7,95,0
r05_CI216_10.24.x,5,An. coluzzii,Exposed,21,6,10,x,no Plasmodium,,100,31.18,33.6,95,0,36.48,2.69,65,0
r05_CI216_10.25.x,5,An. coluzzii,Exposed,21,6,10,x,no Plasmodium,,100,No Cq,No Cq,95,0,39.19,0.738,95,0
r05_CI216_11.1.x,5,An. coluzzii,Exposed,21,6,11,x,no Plasmodium,,100,37.64,1.54,95,0,36.19,3.08,95,0
r05_CI216_11.2.x,5,An. coluzzii,Exposed,21,6,11,x,no Plasmodium,,100,37.45,1.16,73,0,36.92,1.42,65,0
r05_CI216_11.3.x,5,An. coluzzii,Exposed,21,6,11,x,no Plasmodium,,100,No Cq,No Cq,65,0,No Cq,No Cq,67.5,0
r05_CI216_11.4.x,5,An. coluzzii,Exposed,21,6,11,x,no Plasmodium,,100,36.1,3.22,73.5,0,35.26,4.8,95,0
r05_CI216_11.5.x,5,An. coluzzii,Exposed,21,6,11,x,no Plasmodium,,100,No Cq,No Cq,95,0,No Cq,No Cq,65,0
r05_CI216_11.6.x,5,An. coluzzii,Exposed,21,6,11,x,no Plasmodium,,100,No Cq,No Cq,76.5,0,No Cq,No Cq,65,0
r05_CI216_11.7.x,5,An. coluzzii,Exposed,21,6,11,x,no Plasmodium,,100,No Cq,No Cq,95,0,36.73,2.38,95,0
r05_CI216_11.8.x,5,An. coluzzii,Exposed,21,6,11,x,no Plasmodium,,100,35.74,2.26,65,0,35.39,2.6,73,0
r05_CI216_11.9.x,5,An. coluzzii,Exposed,21,6,11,x,no Plasmodium,,100,34.56,6.72,65,0,35.59,4.11,74,0
r05_CI216_11.10.x,5,An. coluzzii,Exposed,21,6,11,x,no Plasmodium,,100,37.95,0.142,74,0,34.85,0.683,75.5,0
r05_CI216_11.11.x,5,An. coluzzii,Exposed,21,6,11,x,no Plasmodium,,100,No Cq,No Cq,67,0,No Cq,No Cq,65,0
r05_CI216_11.12.x,5,An. coluzzii,Exposed,21,6,11,x,no Plasmodium,,100,No Cq,No Cq,65,0,No Cq,No Cq,95,0
r05_CI216_11.13.x,5,An. coluzzii,Exposed,21,6,11,x,no Plasmodium,,100,37.52,1.12,68,0,37.5,1.13,68.5,0
r05_CI216_11.14.x,5,An. coluzzii,Exposed,21,6,11,x,no Plasmodium,,100,No Cq,No Cq,95,0,No Cq,No Cq,95,0
r05_CI216_11.15.x,5,An. coluzzii,Exposed,21,6,11,x,no Plasmodium,,100,No Cq,No Cq,93,0,37.69,1.51,75,0
r05_CI216_11.16.x,5,An. coluzzii,Exposed,21,6,11,x,no Plasmodium,,100,36.93,2.17,75.5,0,39.76,0.564,95,0
r05_CI216_11.17.x,5,An. coluzzii,Exposed,21,6,11,x,no Plasmodium,,100,No Cq,No Cq,68.5,0,No Cq,No Cq,72.5,0
r05_CI216_11.18.x,5,An. coluzzii,Exposed,21,6,11,x,no Plasmodium,,100,No Cq,No Cq,95,0,No Cq,No Cq,74.5,0
r05_CI216_11.19.x,5,An. coluzzii,Exposed,21,6,11,x,no Plasmodium,,100,No Cq,No Cq,68.5,0,No Cq,No Cq,76,0
r05_CI216_11.20.x,5,An. coluzzii,Exposed,21,6,11,x,no Plasmodium,,100,No Cq,No Cq,76.5,0,37.98,1.32,75,0
r05_CI216_11.21.x,5,An. coluzzii,Exposed,21,6,11,x,no Plasmodium,,100,38.06,1.27,95,0,No Cq,No Cq,74,0
r05_CI216_11.22.x,5,An. coluzzii,Exposed,21,6,11,x,no Plasmodium,,100,No Cq,No Cq,95,0,No Cq,No Cq,69,0
r05_CI216_11.23.x,5,An. coluzzii,Exposed,21,6,11,x,no Plasmodium,,100,No Cq,No Cq,65,0,No Cq,No Cq,72.5,0
r05_CI216_11.24.x,5,An. coluzzii,Exposed,21,6,11,x,no Plasmodium,,100,No Cq,No Cq,95,0,No Cq,No Cq,95,0
r05_CI216_11.25.x,5,An. coluzzii,Exposed,21,6,11,x,no Plasmodium,,100,No Cq,No Cq,93,0,39.93,0.52,76.5,0
r05_CI216_11.26.x,5,An. coluzzii,Exposed,21,6,11,x,no Plasmodium,,100,No Cq,No Cq,91,0,37.99,1.31,74,0
r05_CI216_11.27.x,5,An. coluzzii,Exposed,21,6,11,x,no Plasmodium,,100,36.98,2.11,74,0,37.74,1.47,74,0
r05_CI216_11.28.x,5,An. coluzzii,Exposed,21,6,11,x,no Plasmodium,,100,35.62,4.06,73,0,39.35,0.685,95,0
r05_CI216_11.29.x,5,An. coluzzii,Exposed,21,6,11,x,no Plasmodium,,100,37.65,1.54,73.5,0,39.42,0.662,95,0
r05_CI216_11.30.x,5,An. coluzzii,Exposed,21,6,11,x,no Plasmodium,,100,No Cq,No Cq,95,0,No Cq,No Cq,95,0
r05_CI216_12.1.x,5,An. coluzzii,Exposed,21,6,12,x,no Plasmodium,,100,No Cq,No Cq,95,0,No Cq,No Cq,95,0
r05_CI216_12.2.x,5,An. coluzzii,Exposed,21,6,12,x,no Plasmodium,,100,No Cq,No Cq,93,0,No Cq,No Cq,95,0
r05_CI216_12.3.x,5,An. coluzzii,Exposed,21,6,12,x,no Plasmodium,,100,No Cq,No Cq,95,0,No Cq,No Cq,95,0
r05_CI216_12.4.x,5,An. coluzzii,Exposed,21,6,12,x,no Plasmodium,,100,35.13,2.88,75,0,36.15,1.93,75,0
r05_CI216_12.5.x,5,An. coluzzii,Exposed,21,6,12,x,no Plasmodium,,100,37.58,1.24,65,0,36.94,1.63,65,0
r05_CI216_12.6.x,5,An. coluzzii,Exposed,21,6,12,x,no Plasmodium,,100,38.37,0.894,65,0,39.5,0.556,65,0
r05_CI216_12.7.x,5,An. coluzzii,Exposed,21,6,12,x,no Plasmodium,,100,36.05,2.36,68,0,36.93,1.63,65,0
r05_CI216_12.8.x,5,An. coluzzii,Exposed,21,6,12,x,no Plasmodium,,100,31.77,14.1,76,0,31.64,14.9,75,0
r05_CI216_13.1.x,5,An. coluzzii,Exposed,21,6,13,x,no Plasmodium,,100,32.54,10.2,75.5,0,33.74,6.2,65,0
r05_CI216_13.3.x,5,An. coluzzii,Exposed,21,6,13,x,with Plasmodium,1914.9999999999998,100,32.02,12.8,73.5,1,30.37,25.5,74,1
r05_CI216_13.4.x,5,An. coluzzii,Exposed,21,6,13,x,no Plasmodium,,100,No Cq,No Cq,65,0,No Cq,No Cq,65,0
r05_CI216_14.1.x,5,An. coluzzii,Exposed,21,6,14,x,no Plasmodium,,100,No Cq,No Cq,65,0,35.57,2.88,68.5,0
r05_CI216_14.2.x,5,An. coluzzii,Exposed,21,6,14,x,no Plasmodium,,100,37.81,1.13,95,0,36.95,1.62,95,0
r06_CI216_05.1.x,6,An. coluzzii,Exposed,21,6,5,x,no Plasmodium,,100,38.12,0.888,65,0,37.97,0.943,73.5,0
r06_CI216_06.1.x,6,An. coluzzii,Exposed,21,6,6,x,no Plasmodium,,100,37,1.38,73,0,35.92,2.11,68.5,0
r06_CI216_08.1.x,6,An. coluzzii,Exposed,21,6,8,x,no Plasmodium,,100,36.47,1.7,74,0,36.85,1.46,73.5,0
r06_CI216_08.2.x,6,An. coluzzii,Exposed,21,6,8,x,no Plasmodium,,100,No Cq,No Cq,69,0,39.19,0.0753,67,0
r06_CI216_10.1.x,6,An. coluzzii,Exposed,21,6,10,x,no Plasmodium,,100,38.85,0.667,65,0,No Cq,No Cq,65,0
r06_CI216_10.2.x,6,An. coluzzii,Exposed,21,6,10,x,no Plasmodium,,100,36.96,1.4,67.5,0,No Cq,No Cq,67,0
r06_CI216_11.1.x,6,An. coluzzii,Exposed,21,6,11,x,no Plasmodium,,100,37.53,1.12,65,0,36.76,1.51,73.5,0
r06_CI216_12.1.x,6,An. coluzzii,Exposed,21,6,12,x,with Plasmodium,154.3,100,32.26,2.54,74.5,1,35.29,0.546,74,1
r06_CI216_12.2.x,6,An. coluzzii,Exposed,21,6,12,x,no Plasmodium,,100,33.62,1.28,74,0,37.39,0.188,69,0
r06_CI216_12.3.x,6,An. coluzzii,Exposed,21,6,12,x,no Plasmodium,,100,34.54,6.21,70,0,34.14,7.37,95,0
r06_CI216_12.4.x,6,An. coluzzii,Exposed,21,6,12,x,no Plasmodium,,100,32.65,14,75,0,32.44,15.3,74,0
r06_CI216_12.5.x,6,An. coluzzii,Exposed,21,6,12,x,no Plasmodium,,100,37.35,1.85,65,0,36.54,2.62,71.5,0
r06_CI216_13.1.x,6,An. coluzzii,Exposed,21,6,13,x,no Plasmodium,,100,33.49,9.72,73.5,0,33.35,10.3,65,0
r06_CI216_13.2.x,6,An. coluzzii,Exposed,21,6,13,x,with Plasmodium,2065.0,100,31.67,21.3,74,1,31.81,20,74.5,1
r06_CI216_14.1.x,6,An. coluzzii,Exposed,21,6,14,x,no Plasmodium,,100,35.34,4.4,73.5,0,33.99,7.85,76,0
r06_CI216_14.2.x,6,An. coluzzii,Exposed,21,6,14,x,no Plasmodium,,100,No Cq,No Cq,65,0,No Cq,No Cq,67,0
r06_CI216_15.1.x,6,An. coluzzii,Exposed,21,6,15,x,no Plasmodium,,100,35.42,4.26,67,0,34.29,6.9,75.5,0
r06_CI216_15.2.x,6,An. coluzzii,Exposed,21,6,15,x,no Plasmodium,,100,35.59,3.95,71.5,0,38.3,1.24,65,0
r06_CI216_15.3.x,6,An. coluzzii,Exposed,21,6,15,x,no Plasmodium,,100,34.36,6.71,73.5,0,32.25,16.6,69.5,0
r06_CI216_16.1.x,6,An. coluzzii,Exposed,21,6,16,x,no Plasmodium,,100,33.82,8.44,71,0,33.78,8.59,74.5,0
r06_CI216_16.2.x,6,An. coluzzii,Exposed,21,6,16,x,with Plasmodium,660.5,100,34.09,7.53,74,1,34.74,5.68,74,1
r06_CI216_16.3.x,6,An. coluzzii,Exposed,21,6,16,x,no Plasmodium,,100,32.89,12.6,73.5,0,33.61,9.26,73.5,0
r06_CI216_17.1.x,6,An. coluzzii,Exposed,21,6,17,x,with Plasmodium,25.0,100,37.57,0.172,74.5,1,36.29,0.328,74,1
r06_KI216_07.1.x,6,An. gambiae,Exposed,21,6,7,x,no Plasmodium,,100,35.44,4.21,73.5,0,37.59,1.67,65,0
r06_KI216_07.2.x,6,An. gambiae,Exposed,21,6,7,x,no Plasmodium,,100,No Cq,No Cq,65,0,No Cq,No Cq,65,0
r06_KI216_07.4.x,6,An. gambiae,Exposed,21,6,7,x,no Plasmodium,,100,37.68,1.61,68.5,0,No Cq,No Cq,68,0
r06_KI216_07.5.x,6,An. gambiae,Exposed,21,6,7,x,no Plasmodium,,100,No Cq,No Cq,67.5,0,No Cq,No Cq,67.5,0
r06_KI216_08.1.x,6,An. gambiae,Exposed,21,6,8,x,no Plasmodium,,100,No Cq,No Cq,95,0,No Cq,No Cq,69,0
r06_KI216_08.2.x,6,An. gambiae,Exposed,21,6,8,x,no Plasmodium,,100,No Cq,No Cq,65,0,No Cq,No Cq,67,0
r06_KI216_08.3.x,6,An. gambiae,Exposed,21,6,8,x,no Plasmodium,,100,No Cq,No Cq,68,0,No Cq,No Cq,67,0
r06_KI216_10.1.x,6,An. gambiae,Exposed,21,6,10,x,no Plasmodium,,100,No Cq,No Cq,68.5,0,No Cq,No Cq,67.5,0
r06_KI216_10.2.x,6,An. gambiae,Exposed,21,6,10,x,no Plasmodium,,100,No Cq,No Cq,65,0,No Cq,No Cq,65,0
r06_KI216_10.3.x,6,An. gambiae,Exposed,21,6,10,x,no Plasmodium,,100,No Cq,No Cq,65,0,No Cq,No Cq,65,0
r06_KI216_11.1.x,6,An. gambiae,Exposed,21,6,11,x,no Plasmodium,,100,No Cq,No Cq,88.5,0,No Cq,No Cq,67,0
r06_KI216_11.2.x,6,An. gambiae,Exposed,21,6,11,x,no Plasmodium,,100,No Cq,No Cq,67,0,No Cq,No Cq,71.5,0
r06_KI216_11.3.x,6,An. gambiae,Exposed,21,6,11,x,no Plasmodium,,100,No Cq,No Cq,65,0,No Cq,No Cq,73,0
r06_KI216_11.4.x,6,An. gambiae,Exposed,21,6,11,x,no Plasmodium,,100,No Cq,No Cq,67.5,0,No Cq,No Cq,95,0
r06_KI216_12.1.x,6,An. gambiae,Exposed,21,6,12,x,no Plasmodium,,100,No Cq,No Cq,65,0,No Cq,No Cq,65,0
r06_KI216_12.2.x,6,An. gambiae,Exposed,21,6,12,x,no Plasmodium,,100,No Cq,No Cq,69,0,No Cq,No Cq,65,0
r06_KI216_12.3.x,6,An. gambiae,Exposed,21,6,12,x,no Plasmodium,,100,38.62,1.08,72,0,No Cq,No Cq,89,0
r06_KI216_12.4.x,6,An. gambiae,Exposed,21,6,12,x,no Plasmodium,,100,No Cq,No Cq,89,0,No Cq,No Cq,65,0
r06_KI216_12.5.x,6,An. gambiae,Exposed,21,6,12,x,no Plasmodium,,100,No Cq,No Cq,65,0,No Cq,No Cq,68,0
r06_KI216_12.6.x,6,An. gambiae,Exposed,21,6,12,x,no Plasmodium,,100,No Cq,No Cq,67,0,No Cq,No Cq,65,0
r06_KI216_12.7.x,6,An. gambiae,Exposed,21,6,12,x,no Plasmodium,,100,No Cq,No Cq,65,0,No Cq,No Cq,65,0
r06_KI216_12.8.x,6,An. gambiae,Exposed,21,6,12,x,no Plasmodium,,100,No Cq,No Cq,68,0,No Cq,No Cq,67.5,0
r06_KI216_12.9.x,6,An. gambiae,Exposed,21,6,12,x,no Plasmodium,,100,No Cq,No Cq,73,0,No Cq,No Cq,65,0
r06_KI216_12.10.x,6,An. gambiae,Exposed,21,6,12,x,no Plasmodium,,100,No Cq,No Cq,65,0,No Cq,No Cq,65,0
r06_KI216_12.11.x,6,An. gambiae,Exposed,21,6,12,x,no Plasmodium,,100,No Cq,No Cq,65,0,No Cq,No Cq,65,0
r06_KI216_12.12.x,6,An. gambiae,Exposed,21,6,12,x,no Plasmodium,,100,No Cq,No Cq,65,0,No Cq,No Cq,65,0
r06_KI216_12.13.x,6,An. gambiae,Exposed,21,6,12,x,no Plasmodium,,100,No Cq,No Cq,65,0,No Cq,No Cq,67.5,0
r06_KI216_12.14.x,6,An. gambiae,Exposed,21,6,12,x,no Plasmodium,,100,No Cq,No Cq,65,0,No Cq,No Cq,73,0
r06_KI216_12.15.x,6,An. gambiae,Exposed,21,6,12,x,no Plasmodium,,100,39.48,0.875,95,0,38.12,1.5,95,0
r06_KI216_13.1.x,6,An. gambiae,Exposed,21,6,13,x,no Plasmodium,,100,37.96,1.59,65,0,No Cq,No Cq,65,0
r06_KI216_13.2.x,6,An. gambiae,Exposed,21,6,13,x,no Plasmodium,,100,33.71,8.5,74.5,0,35.17,4.78,74.5,0
r06_KI216_13.3.x,6,An. gambiae,Exposed,21,6,13,x,no Plasmodium,,100,38.27,1.41,65,0,No Cq,No Cq,65,0
r06_KI216_13.4.x,6,An. gambiae,Exposed,21,6,13,x,no Plasmodium,,100,37.54,1.88,74,0,No Cq,No Cq,65,0
r06_KI216_13.5.x,6,An. gambiae,Exposed,21,6,13,x,no Plasmodium,,100,No Cq,No Cq,67,0,No Cq,No Cq,67.5,0
r06_KI216_13.6.x,6,An. gambiae,Exposed,21,6,13,x,no Plasmodium,,100,36.15,3.24,69.5,0,No Cq,No Cq,65,0
r06_KI216_13.7.x,6,An. gambiae,Exposed,21,6,13,x,no Plasmodium,,100,No Cq,No Cq,67,0,No Cq,No Cq,67,0
r06_KI216_14.1.x,6,An. gambiae,Exposed,21,6,14,x,no Plasmodium,,100,No Cq,No Cq,65,0,39.18,0.983,65,0
r06_KI216_14.2.x,6,An. gambiae,Exposed,21,6,14,x,no Plasmodium,,100,No Cq,No Cq,67,0,No Cq,No Cq,68.5,0
r06_KI216_14.3.x,6,An. gambiae,Exposed,21,6,14,x,no Plasmodium,,100,38.82,0.0909,68.5,0,39.08,0.0799,67,0
r06_KI216_14.4.x,6,An. gambiae,Exposed,21,6,14,x,with Plasmodium,507.0,100,34.31,6.7,73.5,1,36,3.44,73,1
r06_KI216_15.1.x,6,An. gambiae,Exposed,21,6,15,x,no Plasmodium,,100,No Cq,No Cq,68,0,No Cq,No Cq,67.5,0
r06_KI216_15.2.x,6,An. gambiae,Exposed,21,6,15,x,no Plasmodium,,100,No Cq,No Cq,65,0,No Cq,No Cq,68,0
r06_KI216_16.1.x,6,An. gambiae,Exposed,21,6,16,x,no Plasmodium,,100,No Cq,No Cq,69,0,No Cq,No Cq,65,0
r06_KI216_16.2.x,6,An. gambiae,Exposed,21,6,16,x,no Plasmodium,,100,No Cq,No Cq,65,0,No Cq,No Cq,65,0
r06_KI216_16.3.x,6,An. gambiae,Exposed,21,6,16,x,no Plasmodium,,100,No Cq,No Cq,65,0,No Cq,No Cq,65,0
r06_KI216_16.4.x,6,An. gambiae,Exposed,21,6,16,x,with Plasmodium,461.5,100,35.73,3.84,73,1,34.86,5.39,73,1
r06_KI216_16.5.x,6,An. gambiae,Exposed,21,6,16,x,no Plasmodium,,100,37.46,1.94,72.5,0,No Cq,No Cq,67.5,0
r06_KI216_16.6.x,6,An. gambiae,Exposed,21,6,16,x,no Plasmodium,,100,38.53,0.106,73,0,No Cq,No Cq,68,0
r06_KI216_17.1.x,6,An. gambiae,Exposed,21,6,17,x,no Plasmodium,,100,No Cq,No Cq,67.5,0,No Cq,No Cq,67,0
r06_KI216_17.2.x,6,An. gambiae,Exposed,21,6,17,x,no Plasmodium,,100,No Cq,No Cq,65,0,No Cq,No Cq,65,0
r06_KI216_18.1.x,6,An. gambiae,Exposed,21,6,18,x,no Plasmodium,,100,No Cq,No Cq,65,0,No Cq,No Cq,68,0
r06_KI216_18.2.x,6,An. gambiae,Exposed,21,6,18,x,no Plasmodium,,100,38.65,0.099,67,0,No Cq,No Cq,92.5,0
r06_KI216_19.1.x,6,An. gambiae,Exposed,21,6,19,x,no Plasmodium,,100,38.72,1.18,67.5,0,39.28,0.947,68,0
r06_KI216_20.1.x,6,An. gambiae,Exposed,21,6,20,x,no Plasmodium,,100,No Cq,No Cq,67,0,No Cq,No Cq,67,0
r06_KI210_03.1.x,6,An. gambiae,Exposed,21,0,3,x,no Plasmodium,,100,38.19,1.45,73,0,No Cq,No Cq,68.5,0
r06_KI210_04.1.x,6,An. gambiae,Exposed,21,0,4,x,no Plasmodium,,100,No Cq,No Cq,95,0,No Cq,No Cq,65,0
r06_KI210_06.1.x,6,An. gambiae,Exposed,21,0,6,x,no Plasmodium,,100,No Cq,No Cq,68.5,0,38.99,1.06,65,0
r06_KI210_06.2.x,6,An. gambiae,Exposed,21,0,6,x,no Plasmodium,,100,37.75,1.73,70.5,0,37.17,2.17,95,0
r06_KI210_07.1.x,6,An. gambiae,Exposed,21,0,7,x,no Plasmodium,,100,No Cq,No Cq,67,0,No Cq,No Cq,67.5,0
r06_KI210_07.2.x,6,An. gambiae,Exposed,21,0,7,x,no Plasmodium,,100,38.54,1.27,67.5,0,38.94,1.08,65,0
r06_KI210_08.1.x,6,An. gambiae,Exposed,21,0,8,x,with Plasmodium,543.5,100,34.77,5.59,74.5,1,34.91,5.28,74.5,1
r06_KI210_08.2.x,6,An. gambiae,Exposed,21,0,8,x,no Plasmodium,,100,No Cq,No Cq,67.5,0,No Cq,No Cq,65,0
r06_KI210_08.3.x,6,An. gambiae,Exposed,21,0,8,x,no Plasmodium,,100,No Cq,No Cq,95,0,38.36,1.36,68,0
r06_KI210_08.4.x,6,An. gambiae,Exposed,21,0,8,x,no Plasmodium,,100,37.91,1.63,68.5,0,36.83,2.49,73,0
r06_KI210_08.5.x,6,An. gambiae,Exposed,21,0,8,x,no Plasmodium,,100,No Cq,No Cq,65,0,No Cq,No Cq,68,0
r06_KI210_09.1.x,6,An. gambiae,Exposed,21,0,9,x,no Plasmodium,,100,No Cq,No Cq,69,0,39.51,0.864,67,0
r06_KI210_09.2.x,6,An. gambiae,Exposed,21,0,9,x,no Plasmodium,,100,No Cq,No Cq,68,0,No Cq,No Cq,65,0
r06_KI210_09.3.x,6,An. gambiae,Exposed,21,0,9,x,with Plasmodium,421.5,100,35.01,5.08,73,1,36.07,3.35,73,1
r06_KI210_09.4.x,6,An. gambiae,Exposed,21,0,9,x,no Plasmodium,,100,No Cq,No Cq,65,0,No Cq,No Cq,67,0
r06_KI210_09.5.x,6,An. gambiae,Exposed,21,0,9,x,no Plasmodium,,100,No Cq,No Cq,67,0,No Cq,No Cq,65,0
r06_KI210_10.1.x,6,An. gambiae,Exposed,21,0,10,x,no Plasmodium,,100,37.69,1.67,77.5,0,37.44,1.83,73,0
r06_KI210_10.2.x,6,An. gambiae,Exposed,21,0,10,x,no Plasmodium,,100,37.75,1.63,65,0,37.52,1.78,73.5,0
r06_KI210_10.3.x,6,An. gambiae,Exposed,21,0,10,x,no Plasmodium,,100,No Cq,No Cq,65,0,39.39,0.865,65,0
r06_KI210_10.4.x,6,An. gambiae,Exposed,21,0,10,x,no Plasmodium,,100,No Cq,No Cq,65,0,No Cq,No Cq,65,0
r06_KI210_11.1.x,6,An. gambiae,Exposed,21,0,11,x,no Plasmodium,,100,38.15,1.4,73,0,No Cq,No Cq,68,0
r06_KI210_11.2.x,6,An. gambiae,Exposed,21,0,11,x,no Plasmodium,,100,No Cq,No Cq,65,0,No Cq,No Cq,77.5,0
r06_KI210_11.3.x,6,An. gambiae,Exposed,21,0,11,x,no Plasmodium,,100,39.09,0.971,69,0,No Cq,No Cq,67,0
r06_KI210_11.4.x,6,An. gambiae,Exposed,21,0,11,x,no Plasmodium,,100,No Cq,No Cq,95,0,38.03,1.46,67.5,0
r06_KI210_12.1.x,6,An. gambiae,Exposed,21,0,12,x,no Plasmodium,,100,No Cq,No Cq,65,0,No Cq,No Cq,65,0
r06_KI210_12.2.x,6,An. gambiae,Exposed,21,0,12,x,no Plasmodium,,100,No Cq,No Cq,67.5,0,No Cq,No Cq,65,0
r06_KI210_12.3.x,6,An. gambiae,Exposed,21,0,12,x,no Plasmodium,,100,No Cq,No Cq,71.5,0,38.24,1.35,74,0
r06_KI210_13.1.x,6,An. gambiae,Exposed,21,0,13,x,no Plasmodium,,100,35.84,3.4,72,0,36.24,2.91,74.5,0
r06_KI210_15.1.x,6,An. gambiae,Exposed,21,0,15,x,no Plasmodium,,100,No Cq,No Cq,71.5,0,39.41,0.86,73,0
r06_KI210_15.2.x,6,An. gambiae,Exposed,21,0,15,x,no Plasmodium,,100,No Cq,No Cq,65,0,No Cq,No Cq,65,0
r06_KI210_15.3.x,6,An. gambiae,Exposed,21,0,15,x,no Plasmodium,,100,No Cq,No Cq,68,0,No Cq,No Cq,68.5,0
r06_KI210_15.4.x,6,An. gambiae,Exposed,21,0,15,x,no Plasmodium,,100,38.36,1.29,70.5,0,39.51,0.829,72,0
r06_KI210_15.5.x,6,An. gambiae,Exposed,21,0,15,x,no Plasmodium,,100,No Cq,No Cq,65,0,No Cq,No Cq,65,0
r06_KI210_16.1.x,6,An. gambiae,Exposed,21,0,16,x,no Plasmodium,,100,No Cq,No Cq,67.5,0,No Cq,No Cq,65,0
r06_KI210_16.2.x,6,An. gambiae,Exposed,21,0,16,x,no Plasmodium,,100,36.64,2.49,73.5,0,39.11,0.966,65,0
r06_KI210_18.1.x,6,An. gambiae,Exposed,21,0,18,x,no Plasmodium,,100,No Cq,No Cq,67.5,0,No Cq,No Cq,65,0
r06_KI210_18.2.x,6,An. gambiae,Exposed,21,0,18,x,no Plasmodium,,100,No Cq,No Cq,67,0,No Cq,No Cq,68,0
r06_KI210_19.1.x,6,An. gambiae,Exposed,21,0,19,x,no Plasmodium,,100,38.49,1.22,72,0,No Cq,No Cq,67.5,0
r06_KI210_19.2.x,6,An. gambiae,Exposed,21,0,19,x,no Plasmodium,,100,No Cq,No Cq,67,0,No Cq,No Cq,67.5,0
r06_KI210_19.3.x,6,An. gambiae,Exposed,21,0,19,x,no Plasmodium,,100,37.03,2.14,73.5,0,37.42,1.85,75,0
r06_KI210_20.1.x,6,An. gambiae,Exposed,21,0,20,x,no Plasmodium,,100,39.83,0.732,95,0,No Cq,No Cq,70,0
r06_KI210_20.2.x,6,An. gambiae,Exposed,21,0,20,x,no Plasmodium,,100,No Cq,No Cq,91,0,No Cq,No Cq,65,0
r06_KI210_21.1.x,6,An. gambiae,Exposed,21,0,21,x,no Plasmodium,,100,No Cq,No Cq,68,0,39.42,0.857,69,0
r06_KI210_22.1.x,6,An. gambiae,Exposed,21,0,22,x,no Plasmodium,,100,39.1,0.97,74,0,No Cq,No Cq,70.5,0
r06_KI210_24.1.x,6,An. gambiae,Exposed,21,0,24,x,no Plasmodium,,100,No Cq,No Cq,95,0,38.85,1.07,65,0
r06_KI210_25.1.x,6,An. gambiae,Exposed,21,0,25,x,no Plasmodium,,100,37.56,1.75,73,0,38.03,1.46,95,0
r06_KI210_25.2.x,6,An. gambiae,Exposed,21,0,25,x,no Plasmodium,,100,No Cq,No Cq,95,0,39.24,0.918,72,0
r06_KI210_26.1.x,6,An. gambiae,Exposed,21,0,26,x,with Plasmodium,424.5,100,34.5,5.68,73,1,36.33,2.81,72,1
r06_KI210_26.2.x,6,An. gambiae,Exposed,21,0,26,x,no Plasmodium,,100,No Cq,No Cq,95,0,No Cq,No Cq,69,0
r06_KI210_27.1.x,6,An. gambiae,Exposed,21,0,27,x,no Plasmodium,,100,38.75,1.11,68.5,0,38.61,1.17,69,0
r06_KI210_28.1.x,6,An. gambiae,Exposed,21,0,28,x,no Plasmodium,,100,No Cq,No Cq,68,0,38.82,1.08,65,0
r06_KI210_29.1.x,6,An. gambiae,Exposed,21,0,29,x,with Plasmodium,714.0,100,34.15,6.5,72.5,1,33.68,7.78,73,1
r06_CI210_05.1.x,6,An. coluzzii,Exposed,21,0,5,x,no Plasmodium,,100,No Cq,No Cq,70.5,0,37.96,1.5,95,0
r06_CI210_05.2.x,6,An. coluzzii,Exposed,21,0,5,x,no Plasmodium,,100,No Cq,No Cq,65,0,39.84,0.0544,69,0
r06_CI210_05.4.x,6,An. coluzzii,Exposed,21,0,5,x,no Plasmodium,,100,No Cq,No Cq,65,0,No Cq,No Cq,65,0
r06_CI210_05.5.x,6,An. coluzzii,Exposed,21,0,5,x,no Plasmodium,,100,No Cq,No Cq,65,0,No Cq,No Cq,65,0
r06_CI210_05.6.x,6,An. coluzzii,Exposed,21,0,5,x,no Plasmodium,,100,No Cq,No Cq,65,0,36.85,2.3,73.5,0
r06_CI210_05.7.x,6,An. coluzzii,Exposed,21,0,5,x,no Plasmodium,,100,37.9,1.54,72,0,37.9,1.53,69,0
r06_CI210_05.8.x,6,An. coluzzii,Exposed,21,0,5,x,no Plasmodium,,100,37.33,7,73.5,0,36.03,10.8,78,0
r06_CI210_05.9.x,6,An. coluzzii,Exposed,21,0,5,x,no Plasmodium,,100,No Cq,No Cq,68.5,0,No Cq,No Cq,67.5,0
r06_CI210_05.10.x,6,An. coluzzii,Exposed,21,0,5,x,no Plasmodium,,100,No Cq,No Cq,95,0,No Cq,No Cq,72.5,0
r06_CI210_06.1.x,6,An. coluzzii,Exposed,21,0,6,x,no Plasmodium,,100,34.22,19.9,76.5,0,35.16,14.5,73,0
r06_CI210_06.2.x,6,An. coluzzii,Exposed,21,0,6,x,no Plasmodium,,100,No Cq,No Cq,67,0,No Cq,No Cq,67.5,0
r06_CI210_06.3.x,6,An. coluzzii,Exposed,21,0,6,x,no Plasmodium,,100,39.31,3.6,65,0,No Cq,No Cq,65,0
r06_CI210_07.1.x,6,An. coluzzii,Exposed,21,0,7,x,no Plasmodium,,100,37.11,7.54,78,0,36.61,8.91,73.5,0
r06_CI210_07.2.x,6,An. coluzzii,Exposed,21,0,7,x,no Plasmodium,,100,No Cq,No Cq,65,0,No Cq,No Cq,65,0
r06_CI210_07.3.x,6,An. coluzzii,Exposed,21,0,7,x,no Plasmodium,,100,36.76,8.47,73.5,0,39.23,3.7,65,0
r06_CI210_07.4.x,6,An. coluzzii,Exposed,21,0,7,x,no Plasmodium,,100,39.91,2.95,68,0,37.65,6.29,74,0
r06_CI210_07.5.x,6,An. coluzzii,Exposed,21,0,7,x,no Plasmodium,,100,No Cq,No Cq,67,0,No Cq,No Cq,67.5,0
r06_CI210_08.1.x,6,An. coluzzii,Exposed,21,0,8,x,no Plasmodium,,100,No Cq,No Cq,65,0,No Cq,No Cq,65,0
r06_CI210_08.2.x,6,An. coluzzii,Exposed,21,0,8,x,no Plasmodium,,100,No Cq,No Cq,82.5,0,39.05,3.94,73.5,0
r06_CI210_08.3.x,6,An. coluzzii,Exposed,21,0,8,x,no Plasmodium,,100,No Cq,No Cq,65,0,36.46,9.38,77,0
r06_CI210_08.4.x,6,An. coluzzii,Exposed,21,0,8,x,no Plasmodium,,100,37.92,5.75,70,0,No Cq,No Cq,65,0
r06_CI210_08.5.x,6,An. coluzzii,Exposed,21,0,8,x,no Plasmodium,,100,39.66,3.2,65,0,37.89,5.8,67.5,0
r06_CI210_08.6.x,6,An. coluzzii,Exposed,21,0,8,x,no Plasmodium,,100,No Cq,No Cq,95,0,No Cq,No Cq,65,0
r06_CI210_08.7.x,6,An. coluzzii,Exposed,21,0,8,x,no Plasmodium,,100,No Cq,No Cq,68.5,0,No Cq,No Cq,68.5,0
r06_CI210_08.8.x,6,An. coluzzii,Exposed,21,0,8,x,no Plasmodium,,100,39.36,3.55,65,0,No Cq,No Cq,65,0
r06_CI210_08.9.x,6,An. coluzzii,Exposed,21,0,8,x,no Plasmodium,,100,No Cq,No Cq,68,0,No Cq,No Cq,69,0
r06_CI210_08.10.x,6,An. coluzzii,Exposed,21,0,8,x,no Plasmodium,,100,No Cq,No Cq,65,0,No Cq,No Cq,67,0
r06_CI210_09.1.x,6,An. coluzzii,Exposed,21,0,9,x,no Plasmodium,,100,No Cq,No Cq,67.5,0,39.94,2.92,95,0
r06_CI210_09.2.x,6,An. coluzzii,Exposed,21,0,9,x,no Plasmodium,,100,No Cq,No Cq,67,0,No Cq,No Cq,65,0
r06_CI210_09.3.x,6,An. coluzzii,Exposed,21,0,9,x,no Plasmodium,,100,39.5,3.38,73,0,36.61,8.91,74,0
r06_CI210_09.4.x,6,An. coluzzii,Exposed,21,0,9,x,no Plasmodium,,100,No Cq,No Cq,65,0,No Cq,No Cq,65,0
r06_CI210_09.5.x,6,An. coluzzii,Exposed,21,0,9,x,no Plasmodium,,100,No Cq,No Cq,70,0,39.09,3.88,67.5,0
r06_CI210_09.6.x,6,An. coluzzii,Exposed,21,0,9,x,no Plasmodium,,100,No Cq,No Cq,65,0,No Cq,No Cq,65,0
r06_CI210_10.1.x,6,An. coluzzii,Exposed,21,0,10,x,no Plasmodium,,100,No Cq,No Cq,68.5,0,39.2,3.74,69,0
r06_CI210_10.2.x,6,An. coluzzii,Exposed,21,0,10,x,no Plasmodium,,100,No Cq,No Cq,65,0,No Cq,No Cq,65,0
r06_CI210_10.3.x,6,An. coluzzii,Exposed,21,0,10,x,no Plasmodium,,100,38.39,4.9,65,0,38.78,4.3,68,0
r06_CI210_12.1.x,6,An. coluzzii,Exposed,21,0,12,x,no Plasmodium,,100,No Cq,No Cq,95,0,No Cq,No Cq,65,0
r06_CI210_12.2.x,6,An. coluzzii,Exposed,21,0,12,x,no Plasmodium,,100,No Cq,No Cq,68,0,No Cq,No Cq,65,0
r06_CI210_12.3.x,6,An. coluzzii,Exposed,21,0,12,x,no Plasmodium,,100,No Cq,No Cq,68,0,38.72,4.39,73.5,0
r06_CI210_12.4.x,6,An. coluzzii,Exposed,21,0,12,x,no Plasmodium,,100,No Cq,No Cq,65,0,No Cq,No Cq,65,0
r06_CI210_12.5.x,6,An. coluzzii,Exposed,21,0,12,x,no Plasmodium,,100,No Cq,No Cq,68.5,0,No Cq,No Cq,73,0
r06_CI210_14.1.x,6,An. coluzzii,Exposed,21,0,14,x,no Plasmodium,,100,No Cq,No Cq,69,0,No Cq,No Cq,67,0
r06_CI210_14.2.x,6,An. coluzzii,Exposed,21,0,14,x,no Plasmodium,,100,39.14,3.82,95,0,37.89,5.81,71.5,0
r06_CI210_14.3.x,6,An. coluzzii,Exposed,21,0,14,x,no Plasmodium,,100,No Cq,No Cq,65,0,No Cq,No Cq,65,0
r06_CI210_14.4.x,6,An. coluzzii,Exposed,21,0,14,x,no Plasmodium,,100,No Cq,No Cq,68.5,0,No Cq,No Cq,65,0
r06_CI210_15.1.x,6,An. coluzzii,Exposed,21,0,15,x,no Plasmodium,,100,34.44,18.5,73.5,0,36.35,9.73,73,0
r06_CI210_15.2.x,6,An. coluzzii,Exposed,21,0,15,x,no Plasmodium,,100,No Cq,No Cq,67.5,0,No Cq,No Cq,65,0
r06_CI210_17.1.x,6,An. coluzzii,Exposed,21,0,17,x,no Plasmodium,,100,No Cq,No Cq,68.5,0,37.24,7.23,70,0
r06_CI210_18.1.x,6,An. coluzzii,Exposed,21,0,18,x,no Plasmodium,,100,33.34,22.6,74,0,34.26,17.2,69,0
r06_CI210_19.1.x,6,An. coluzzii,Exposed,21,0,19,x,no Plasmodium,,100,33.42,22,74.5,0,33.29,23,95,0
r06_CI216_03.1.0,6,An. coluzzii,Exposed,21,6,3,0,no Plasmodium,,100,34.15,17.8,75,0,33.77,19.9,69,0
r06_CI216_03.2.0,6,An. coluzzii,Exposed,21,6,3,0,no Plasmodium,,100,34.82,14.5,69.5,0,34.74,14.9,67,0
r06_CI216_03.3.0,6,An. coluzzii,Exposed,21,6,3,0,no Plasmodium,,100,35.98,10.3,76,0,33.06,24.5,74,0
r06_CI216_03.4.0,6,An. coluzzii,Exposed,21,6,3,0,no Plasmodium,,100,33.25,23.2,68.5,0,34.53,15.8,71.5,0
r06_CI216_03.5.0,6,An. coluzzii,Exposed,21,6,3,0,no Plasmodium,,100,33.44,21.9,73,0,33.25,23.2,73,0
r06_CI216_03.6.0,6,An. coluzzii,Exposed,21,6,3,0,no Plasmodium,,100,34.77,14.7,73,0,34.99,13.8,65,0
r06_CI216_06.1.0,6,An. coluzzii,Exposed,21,6,6,0,no Plasmodium,,100,35.19,13,65,0,36.66,8.39,69.5,0
r06_CI216_06.2.0,6,An. coluzzii,Exposed,21,6,6,0,no Plasmodium,,100,36.29,9.37,65,0,35.85,10.7,77,0
r06_CI216_06.3.0,6,An. coluzzii,Exposed,21,6,6,0,no Plasmodium,,100,33.88,19.2,67.5,0,35.65,11.3,65,0
r06_CI216_06.4.0,6,An. coluzzii,Exposed,21,6,6,0,no Plasmodium,,100,34.7,15.1,76.5,0,35.86,10.7,75.5,0
r06_CI216_06.5.0,6,An. coluzzii,Exposed,21,6,6,0,no Plasmodium,,100,39.09,4.08,70.5,0,37.41,6.73,67.5,0
r06_CI216_06.6.0,6,An. coluzzii,Exposed,21,6,6,0,no Plasmodium,,100,36.61,8.53,65,0,34.11,18,76.5,0
r06_CI216_21.1.0,6,An. coluzzii,Exposed,21,6,21,0,with Plasmodium,2400.0,100,32.81,26.5,73.5,1,33.51,21.5,74,1
r06_CI216_21.2.0,6,An. coluzzii,Exposed,21,6,21,0,no Plasmodium,,100,37.13,7.31,67.5,0,34.8,14.6,73.5,0
r06_CI216_21.3.0,6,An. coluzzii,Exposed,21,6,21,0,no Plasmodium,,100,37.95,5.73,67.5,0,No Cq,No Cq,69,0
r06_CI216_21.4.0,6,An. coluzzii,Exposed,21,6,21,0,no Plasmodium,,100,38.16,5.38,69,0,36.92,7.79,74.5,0
r06_CI216_21.5.0,6,An. coluzzii,Exposed,21,6,21,0,no Plasmodium,,100,37.22,7.1,72,0,No Cq,No Cq,65,0
r06_CI216_21.6.0,6,An. coluzzii,Exposed,21,6,21,0,no Plasmodium,,100,No Cq,No Cq,67.5,0,38.42,4.98,72,0
r06_KI210_03.1.0,6,An. gambiae,Exposed,21,0,3,0,no Plasmodium,,100,36.92,7.78,72.5,0,37.04,7.5,72,0
r06_KI210_03.2.0,6,An. gambiae,Exposed,21,0,3,0,no Plasmodium,,100,No Cq,No Cq,68.5,0,38.4,5,69.5,0
r06_KI210_03.3.0,6,An. gambiae,Exposed,21,0,3,0,no Plasmodium,,100,No Cq,No Cq,65,0,No Cq,No Cq,65,0
r06_KI210_03.4.0,6,An. gambiae,Exposed,21,0,3,0,no Plasmodium,,100,39.43,3.69,65,0,38.65,4.64,65,0
r06_KI210_03.5.0,6,An. gambiae,Exposed,21,0,3,0,no Plasmodium,,100,36.64,8.45,72.5,0,39.42,3.69,65,0
r06_KI210_03.6.0,6,An. gambiae,Exposed,21,0,3,0,no Plasmodium,,100,No Cq,No Cq,71,0,39.31,3.81,71,0
r06_KI210_06.1.0,6,An. gambiae,Exposed,21,0,6,0,no Plasmodium,,100,37.72,6.13,67.5,0,38.96,4.23,68.5,0
r06_KI210_06.2.0,6,An. gambiae,Exposed,21,0,6,0,no Plasmodium,,100,No Cq,No Cq,95,0,39.53,3.58,67,0
r06_KI210_06.3.0,6,An. gambiae,Exposed,21,0,6,0,no Plasmodium,,100,38.57,4.75,65,0,35.91,10.5,72.5,0
r06_KI210_06.4.0,6,An. gambiae,Exposed,21,0,6,0,no Plasmodium,,100,36.23,9.54,65,0,35.96,10.4,72.5,0
r06_KI210_06.5.0,6,An. gambiae,Exposed,21,0,6,0,no Plasmodium,,100,37.49,6.56,73,0,36.85,7.95,72.5,0
r06_KI210_06.6.0,6,An. gambiae,Exposed,21,0,6,0,no Plasmodium,,100,No Cq,No Cq,67.5,0,No Cq,No Cq,65,0
r06_KI210_23.1.0,6,An. gambiae,Exposed,21,0,23,0,with Plasmodium,1395.0,100,34.81,14.6,73.5,1,35.12,13.3,73,1
r06_KI210_23.2.0,6,An. gambiae,Exposed,21,0,23,0,no Plasmodium,,100,No Cq,No Cq,67.5,0,No Cq,No Cq,68,0
r06_KI210_23.3.0,6,An. gambiae,Exposed,21,0,23,0,with Plasmodium,2645.0,100,34.01,18.5,73,1,31.93,34.4,72.5,1
r06_KI210_23.4.0,6,An. gambiae,Exposed,21,0,23,0,no Plasmodium,,100,No Cq,No Cq,71,0,38.52,4.83,67,0
r06_KI210_23.5.0,6,An. gambiae,Exposed,21,0,23,0,no Plasmodium,,100,No Cq,No Cq,71.5,0,No Cq,No Cq,72,0
r06_KI210_23.6.0,6,An. gambiae,Exposed,21,0,23,0,with Plasmodium,3915.0000000000005,100,32.26,31.1,72.5,1,30.86,47.2,72.5,1
r06_KI210_25.1.0,6,An. gambiae,Exposed,21,0,25,0,no Plasmodium,,100,No Cq,No Cq,65,0,No Cq,No Cq,76,0
r06_KI210_25.2.0,6,An. gambiae,Exposed,21,0,25,0,with Plasmodium,1145.0,100,35.28,12.7,72.5,1,36.02,10.2,72.5,1
r06_KI210_25.3.0,6,An. gambiae,Exposed,21,0,25,0,no Plasmodium,,100,No Cq,No Cq,65,0,No Cq,No Cq,95,0
r06_KI210_25.4.0,6,An. gambiae,Exposed,21,0,25,0,no Plasmodium,,100,No Cq,No Cq,65,0,No Cq,No Cq,65,0
r06_KI210_25.5.0,6,An. gambiae,Exposed,21,0,25,0,no Plasmodium,,100,32.77,23.2,76.5,0,32.81,22.9,76.5,0
r06_KI210_25.6.0,6,An. gambiae,Exposed,21,0,25,0,no Plasmodium,,100,32.93,22,77.5,0,32.75,23.3,73.5,0
r06_KI210_27.1.0,6,An. gambiae,Exposed,21,0,27,0,no Plasmodium,,100,35.2,11.2,65,0,35.05,11.7,73,0
r06_KI210_27.2.0,6,An. gambiae,Exposed,21,0,27,0,with Plasmodium,9780.000000000002,100,27.9,98.9,73.5,1,27.98,96.7,73,1
r06_KI210_27.3.0,6,An. gambiae,Exposed,21,0,27,0,with Plasmodium,11400.0,100,27.64,107,73.5,1,27.23,121,73,1
r06_KI210_27.4.0,6,An. gambiae,Exposed,21,0,27,0,no Plasmodium,,100,35,11.9,74,0,34.22,15,74,0
r06_KI210_27.5.0,6,An. gambiae,Exposed,21,0,27,0,with Plasmodium,1635.0000000000002,100,33.61,18,73.5,1,34.29,14.7,73,1
r06_KI210_27.6.0,6,An. gambiae,Exposed,21,0,27,0,no Plasmodium,,100,37.07,6.43,73,0,37.74,5.26,65,0
r06_KI210_29.1.0,6,An. gambiae,Exposed,21,0,29,0,no Plasmodium,,100,36.03,8.75,67,0,35.43,10.5,65,0
r06_KI210_29.2.0,6,An. gambiae,Exposed,21,0,29,0,with Plasmodium,4934.999999999999,100,30.37,47.4,73.5,1,30.1,51.3,73,1
r06_KI210_29.3.0,6,An. gambiae,Exposed,21,0,29,0,no Plasmodium,,100,33.7,17.5,69,0,33.82,16.9,74,0
r06_CI210_03.1.0,6,An. coluzzii,Exposed,21,0,3,0,no Plasmodium,,100,34.33,14.5,73.5,0,34.27,14.8,70.5,0
r06_CI210_03.2.0,6,An. coluzzii,Exposed,21,0,3,0,no Plasmodium,,100,35.98,8.89,74.5,0,36.8,6.96,68.5,0
r06_CI210_03.3.0,6,An. coluzzii,Exposed,21,0,3,0,no Plasmodium,,100,38.99,3.62,70,0,34.89,12.3,74,0
r06_CI210_03.4.0,6,An. coluzzii,Exposed,21,0,3,0,no Plasmodium,,100,35.83,9.29,76,0,35.69,9.68,65,0
r06_CI210_03.5.0,6,An. coluzzii,Exposed,21,0,3,0,no Plasmodium,,100,35.57,10.1,68,0,38.07,4.77,65,0
r06_CI210_03.6.0,6,An. coluzzii,Exposed,21,0,3,0,no Plasmodium,,100,38.1,4.72,69,0,37.81,5.15,73.5,0
r06_CI210_06.1.0,6,An. coluzzii,Exposed,21,0,6,0,no Plasmodium,,100,36.59,7.4,74.5,0,36.85,6.85,65,0
r06_CI210_06.2.0,6,An. coluzzii,Exposed,21,0,6,0,no Plasmodium,,100,35.12,11.5,74,0,39.26,3.34,68.5,0
r06_CI210_06.3.0,6,An. coluzzii,Exposed,21,0,6,0,no Plasmodium,,100,37.79,5.18,68,0,37.41,5.79,68,0
r06_CI210_06.4.0,6,An. coluzzii,Exposed,21,0,6,0,no Plasmodium,,100,36.08,8.62,73.5,0,36.16,8.43,73,0
r06_CI210_06.5.0,6,An. coluzzii,Exposed,21,0,6,0,no Plasmodium,,100,38.91,3.71,67.5,0,36.3,8.09,72.5,0
r06_CI210_06.6.0,6,An. coluzzii,Exposed,21,0,6,0,no Plasmodium,,100,No Cq,No Cq,70,0,39.8,2.85,68,0
r06_KI216_03.1.0,6,An. gambiae,Exposed,21,6,3,0,no Plasmodium,,100,38.13,4.67,68.5,0,No Cq,No Cq,68.5,0
r06_KI216_03.2.0,6,An. gambiae,Exposed,21,6,3,0,no Plasmodium,,100,38.26,4.51,72.5,0,No Cq,No Cq,65,0
r06_KI216_03.3.0,6,An. gambiae,Exposed,21,6,3,0,no Plasmodium,,100,No Cq,No Cq,71.5,0,No Cq,No Cq,71.5,0
r06_KI216_03.4.0,6,An. gambiae,Exposed,21,6,3,0,no Plasmodium,,100,No Cq,No Cq,65,0,No Cq,No Cq,78.5,0
r06_KI216_03.5.0,6,An. gambiae,Exposed,21,6,3,0,no Plasmodium,,100,38.8,3.83,65,0,No Cq,No Cq,68.5,0
r06_KI216_03.6.0,6,An. gambiae,Exposed,21,6,3,0,no Plasmodium,,100,No Cq,No Cq,68,0,No Cq,No Cq,67,0
r06_KI216_06.1.0,6,An. gambiae,Exposed,21,6,6,0,no Plasmodium,,100,No Cq,No Cq,71.5,0,39.29,0.0717,67.5,0
r06_KI216_06.2.0,6,An. gambiae,Exposed,21,6,6,0,no Plasmodium,,100,No Cq,No Cq,65,0,36,0.381,79.5,0
r06_KI216_06.3.0,6,An. gambiae,Exposed,21,6,6,0,no Plasmodium,,100,No Cq,No Cq,95,0,No Cq,No Cq,65,0
r06_KI216_06.4.0,6,An. gambiae,Exposed,21,6,6,0,no Plasmodium,,100,No Cq,No Cq,65,0,No Cq,No Cq,67,0
r06_KI216_06.5.0,6,An. gambiae,Exposed,21,6,6,0,no Plasmodium,,100,38.18,0.126,73.5,0,No Cq,No Cq,65,0
r06_KI216_06.6.0,6,An. gambiae,Exposed,21,6,6,0,no Plasmodium,36.199999999999996,100,35.66,0.452,73.5,1,36.66,0.272,73,1
r06_KI216_21.1.0,6,An. gambiae,Exposed,21,6,21,0,no Plasmodium,,100,No Cq,No Cq,65,0,No Cq,No Cq,68.5,0
r06_KI216_21.2.0,6,An. gambiae,Exposed,21,6,21,0,no Plasmodium,,100,38.85,3.78,76,0,39.64,2.99,70,0
r06_KI216_21.3.0,6,An. gambiae,Exposed,21,6,21,0,no Plasmodium,,100,39.29,3.32,65,0,38.19,4.59,70,0
r06_KI216_21.4.0,6,An. gambiae,Exposed,21,6,21,0,no Plasmodium,,100,39.54,3.07,67,0,No Cq,No Cq,65,0
r06_KI216_21.5.0,6,An. gambiae,Exposed,21,6,21,0,no Plasmodium,,100,39.47,3.14,68,0,37.54,5.57,69,0
r06_KI216_21.6.0,6,An. gambiae,Exposed,21,6,21,0,no Plasmodium,,100,38.61,4.06,67.5,0,37.98,4.9,95,0
r06_KI216_23.1.0,6,An. gambiae,Exposed,21,6,23,0,no Plasmodium,,100,No Cq,No Cq,65,0,39.24,3.36,69.5,0
r06_KI216_23.2.0,6,An. gambiae,Exposed,21,6,23,0,no Plasmodium,,100,38.26,4.5,68,0,No Cq,No Cq,71.5,0
r06_KI216_23.3.0,6,An. gambiae,Exposed,21,6,23,0,no Plasmodium,,100,37.81,5.15,65,0,36.76,7.05,73,0
r06_KI216_23.4.0,6,An. gambiae,Exposed,21,6,23,0,with Plasmodium,1145.0,100,35.07,11.7,72.5,1,35.2,11.2,72.5,1
r06_KI216_23.5.0,6,An. gambiae,Exposed,21,6,23,0,no Plasmodium,,100,38.93,3.69,65,0,No Cq,No Cq,65,0
r06_KI216_23.6.0,6,An. gambiae,Exposed,21,6,23,0,no Plasmodium,,100,35.96,8.95,73.5,0,39.61,3.01,67.5,0
r06_KI216_25.1.0,6,An. gambiae,Exposed,21,6,25,0,no Plasmodium,,100,No Cq,No Cq,68,0,No Cq,No Cq,92,0
r06_KI216_25.2.0,6,An. gambiae,Exposed,21,6,25,0,no Plasmodium,,100,36.42,7.78,72.5,0,36.84,6.89,72.5,0
r07_CI216_03.1.x,7,An. coluzzii,Exposed,21,6,3,x,no Plasmodium,,100,No Cq,No Cq,95,0,No Cq,No Cq,95,0
r07_CI216_03.2.x,7,An. coluzzii,Exposed,21,6,3,x,no Plasmodium,,100,No Cq,No Cq,67,0,No Cq,No Cq,65,0
r07_CI216_03.3.x,7,An. coluzzii,Exposed,21,6,3,x,no Plasmodium,,100,No Cq,No Cq,95,0,No Cq,No Cq,65,0
r07_CI216_03.4.x,7,An. coluzzii,Exposed,21,6,3,x,no Plasmodium,,100,No Cq,No Cq,67,0,No Cq,No Cq,65,0
r07_CI216_03.5.x,7,An. coluzzii,Exposed,21,6,3,x,no Plasmodium,,100,38.46,5.81,65,0,No Cq,No Cq,67.5,0
r07_CI216_04.1.x,7,An. coluzzii,Exposed,21,6,4,x,no Plasmodium,,100,No Cq,No Cq,95,0,No Cq,No Cq,65,0
r07_CI216_04.2.x,7,An. coluzzii,Exposed,21,6,4,x,no Plasmodium,,100,38.72,5.02,73,0,No Cq,No Cq,65,0
r07_CI216_04.3.x,7,An. coluzzii,Exposed,21,6,4,x,no Plasmodium,,100,No Cq,No Cq,65,0,No Cq,No Cq,65,0
r07_CI216_04.4.x,7,An. coluzzii,Exposed,21,6,4,x,no Plasmodium,,100,No Cq,No Cq,65,0,No Cq,No Cq,65,0
r07_CI216_04.5.x,7,An. coluzzii,Exposed,21,6,4,x,no Plasmodium,,100,No Cq,No Cq,73.5,0,37.71,8.84,65,0
r07_CI216_04.6.x,7,An. coluzzii,Exposed,21,6,4,x,no Plasmodium,,100,No Cq,No Cq,68.5,0,No Cq,No Cq,68,0
r07_CI216_04.7.x,7,An. coluzzii,Exposed,21,6,4,x,no Plasmodium,,100,No Cq,No Cq,65,0,No Cq,No Cq,65,0
r07_CI216_04.8.x,7,An. coluzzii,Exposed,21,6,4,x,no Plasmodium,,100,No Cq,No Cq,65,0,No Cq,No Cq,65,0
r07_CI216_04.9.x,7,An. coluzzii,Exposed,21,6,4,x,no Plasmodium,,100,No Cq,No Cq,70,0,No Cq,No Cq,65,0
r07_CI216_04.10.x,7,An. coluzzii,Exposed,21,6,4,x,no Plasmodium,,100,No Cq,No Cq,65,0,No Cq,No Cq,67,0
r07_CI216_04.11.x,7,An. coluzzii,Exposed,21,6,4,x,no Plasmodium,,100,No Cq,No Cq,67,0,No Cq,No Cq,95,0
r07_CI216_04.12.x,7,An. coluzzii,Exposed,21,6,4,x,no Plasmodium,,100,No Cq,No Cq,65,0,No Cq,No Cq,70.5,0
r07_CI216_04.13.x,7,An. coluzzii,Exposed,21,6,4,x,no Plasmodium,,100,No Cq,No Cq,71.5,0,No Cq,No Cq,67,0
r07_CI216_04.14.x,7,An. coluzzii,Exposed,21,6,4,x,no Plasmodium,,100,No Cq,No Cq,65,0,No Cq,No Cq,65,0
r07_CI216_04.15.x,7,An. coluzzii,Exposed,21,6,4,x,no Plasmodium,,100,No Cq,No Cq,65,0,No Cq,No Cq,65,0
r07_CI216_04.16.x,7,An. coluzzii,Exposed,21,6,4,x,no Plasmodium,,100,No Cq,No Cq,67.5,0,No Cq,No Cq,65,0
r07_CI216_04.19.x,7,An. coluzzii,Exposed,21,6,4,x,no Plasmodium,,100,No Cq,No Cq,65,0,No Cq,No Cq,65,0
r07_CI216_04.20.x,7,An. coluzzii,Exposed,21,6,4,x,no Plasmodium,,100,No Cq,No Cq,65,0,No Cq,No Cq,65,0
r07_CI216_04.21.x,7,An. coluzzii,Exposed,21,6,4,x,no Plasmodium,,100,No Cq,No Cq,67.5,0,No Cq,No Cq,65,0
r07_CI216_04.22.x,7,An. coluzzii,Exposed,21,6,4,x,no Plasmodium,,100,No Cq,No Cq,95,0,No Cq,No Cq,88.5,0
r07_CI216_04.23.x,7,An. coluzzii,Exposed,21,6,4,x,no Plasmodium,,100,No Cq,No Cq,65,0,No Cq,No Cq,68.5,0
r07_CI216_05.1.x,7,An. coluzzii,Exposed,21,6,5,x,no Plasmodium,,100,No Cq,No Cq,95,0,No Cq,No Cq,65,0
r07_CI216_05.2.x,7,An. coluzzii,Exposed,21,6,5,x,no Plasmodium,,100,No Cq,No Cq,65,0,No Cq,No Cq,92,0
r07_CI216_05.3.x,7,An. coluzzii,Exposed,21,6,5,x,no Plasmodium,,100,No Cq,No Cq,65,0,No Cq,No Cq,78,0
r07_CI216_05.4.x,7,An. coluzzii,Exposed,21,6,5,x,no Plasmodium,,100,No Cq,No Cq,68,0,No Cq,No Cq,65,0
r07_CI216_05.5.x,7,An. coluzzii,Exposed,21,6,5,x,no Plasmodium,,100,No Cq,No Cq,65,0,No Cq,No Cq,68,0
r07_CI216_05.6.x,7,An. coluzzii,Exposed,21,6,5,x,no Plasmodium,,100,No Cq,No Cq,67,0,No Cq,No Cq,95,0
r07_CI216_05.7.x,7,An. coluzzii,Exposed,21,6,5,x,no Plasmodium,,100,No Cq,No Cq,68,0,No Cq,No Cq,65,0
r07_CI216_05.8.x,7,An. coluzzii,Exposed,21,6,5,x,no Plasmodium,,100,No Cq,No Cq,91.5,0,No Cq,No Cq,76,0
r07_CI216_05.9.x,7,An. coluzzii,Exposed,21,6,5,x,no Plasmodium,,100,No Cq,No Cq,95,0,No Cq,No Cq,95,0
r07_CI216_05.10.x,7,An. coluzzii,Exposed,21,6,5,x,no Plasmodium,,100,No Cq,No Cq,67.5,0,No Cq,No Cq,65,0
r07_CI216_05.11.x,7,An. coluzzii,Exposed,21,6,5,x,no Plasmodium,,100,No Cq,No Cq,88,0,No Cq,No Cq,65,0
r07_CI216_05.12.x,7,An. coluzzii,Exposed,21,6,5,x,no Plasmodium,,100,No Cq,No Cq,70.5,0,No Cq,No Cq,65,0
r07_CI216_05.13.x,7,An. coluzzii,Exposed,21,6,5,x,no Plasmodium,,100,No Cq,No Cq,65,0,No Cq,No Cq,92,0
r07_CI216_05.14.x,7,An. coluzzii,Exposed,21,6,5,x,no Plasmodium,,100,No Cq,No Cq,65,0,No Cq,No Cq,67.5,0
r07_CI216_05.15.x,7,An. coluzzii,Exposed,21,6,5,x,no Plasmodium,,100,No Cq,No Cq,65,0,No Cq,No Cq,74,0
r07_CI216_05.16.x,7,An. coluzzii,Exposed,21,6,5,x,no Plasmodium,,100,No Cq,No Cq,67.5,0,No Cq,No Cq,65,0
r07_CI216_05.17.x,7,An. coluzzii,Exposed,21,6,5,x,no Plasmodium,,100,No Cq,No Cq,65,0,No Cq,No Cq,95,0
r07_CI216_05.18.x,7,An. coluzzii,Exposed,21,6,5,x,no Plasmodium,,100,No Cq,No Cq,65,0,No Cq,No Cq,65,0
r07_CI216_05.19.x,7,An. coluzzii,Exposed,21,6,5,x,no Plasmodium,,100,No Cq,No Cq,65,0,No Cq,No Cq,65,0
r07_CI216_05.20.x,7,An. coluzzii,Exposed,21,6,5,x,no Plasmodium,,100,No Cq,No Cq,65,0,No Cq,No Cq,65,0
r07_CI216_05.21.x,7,An. coluzzii,Exposed,21,6,5,x,no Plasmodium,,100,No Cq,No Cq,65,0,No Cq,No Cq,65,0
r07_CI216_05.22.x,7,An. coluzzii,Exposed,21,6,5,x,no Plasmodium,,100,No Cq,No Cq,95,0,No Cq,No Cq,95,0
r07_CI216_05.23.x,7,An. coluzzii,Exposed,21,6,5,x,no Plasmodium,,100,No Cq,No Cq,65,0,No Cq,No Cq,67,0
r07_CI216_05.24.x,7,An. coluzzii,Exposed,21,6,5,x,no Plasmodium,,100,No Cq,No Cq,69,0,No Cq,No Cq,67.5,0
r07_CI216_05.25.x,7,An. coluzzii,Exposed,21,6,5,x,no Plasmodium,,100,No Cq,No Cq,65,0,No Cq,No Cq,68,0
r07_CI216_05.26.x,7,An. coluzzii,Exposed,21,6,5,x,no Plasmodium,,100,No Cq,No Cq,65,0,No Cq,No Cq,65,0
r07_CI216_05.27.x,7,An. coluzzii,Exposed,21,6,5,x,no Plasmodium,,100,No Cq,No Cq,65,0,No Cq,No Cq,65,0
r07_CI216_06.1.x,7,An. coluzzii,Exposed,21,6,6,x,no Plasmodium,,100,No Cq,No Cq,65,0,No Cq,No Cq,65,0
r07_CI216_06.2.x,7,An. coluzzii,Exposed,21,6,6,x,no Plasmodium,,100,No Cq,No Cq,65,0,No Cq,No Cq,67.5,0
r07_CI216_06.3.x,7,An. coluzzii,Exposed,21,6,6,x,no Plasmodium,,100,No Cq,No Cq,65,0,No Cq,No Cq,65,0
r07_CI216_06.4.x,7,An. coluzzii,Exposed,21,6,6,x,no Plasmodium,,100,No Cq,No Cq,65,0,No Cq,No Cq,68,0
r07_CI216_06.5.x,7,An. coluzzii,Exposed,21,6,6,x,no Plasmodium,,100,No Cq,No Cq,95,0,No Cq,No Cq,65,0
r07_CI216_06.6.x,7,An. coluzzii,Exposed,21,6,6,x,no Plasmodium,,100,No Cq,No Cq,65,0,No Cq,No Cq,65,0
r07_CI216_06.7.x,7,An. coluzzii,Exposed,21,6,6,x,no Plasmodium,,100,No Cq,No Cq,65,0,No Cq,No Cq,90.5,0
r07_CI216_06.8.x,7,An. coluzzii,Exposed,21,6,6,x,no Plasmodium,,100,No Cq,No Cq,65,0,No Cq,No Cq,65,0
r07_CI216_06.9.x,7,An. coluzzii,Exposed,21,6,6,x,no Plasmodium,,100,No Cq,No Cq,65,0,No Cq,No Cq,65,0
r07_CI216_06.10.x,7,An. coluzzii,Exposed,21,6,6,x,no Plasmodium,,100,No Cq,No Cq,68,0,No Cq,No Cq,68,0
r07_CI216_06.11.x,7,An. coluzzii,Exposed,21,6,6,x,no Plasmodium,,100,No Cq,No Cq,68.5,0,No Cq,No Cq,65,0
r07_CI216_06.12.x,7,An. coluzzii,Exposed,21,6,6,x,no Plasmodium,,100,No Cq,No Cq,65,0,No Cq,No Cq,95,0
r07_CI216_06.13.x,7,An. coluzzii,Exposed,21,6,6,x,no Plasmodium,,100,No Cq,No Cq,71.5,0,No Cq,No Cq,71.5,0
r07_CI216_06.14.x,7,An. coluzzii,Exposed,21,6,6,x,no Plasmodium,,100,No Cq,No Cq,68.5,0,No Cq,No Cq,65,0
r07_CI216_06.15.x,7,An. coluzzii,Exposed,21,6,6,x,no Plasmodium,,100,No Cq,No Cq,65,0,No Cq,No Cq,68,0
r07_CI216_06.16.x,7,An. coluzzii,Exposed,21,6,6,x,no Plasmodium,,100,No Cq,No Cq,65,0,No Cq,No Cq,65,0
r07_CI216_06.17.x,7,An. coluzzii,Exposed,21,6,6,x,no Plasmodium,,100,No Cq,No Cq,95,0,No Cq,No Cq,65,0
r07_CI216_06.18.x,7,An. coluzzii,Exposed,21,6,6,x,no Plasmodium,,100,No Cq,No Cq,67,0,No Cq,No Cq,71,0
r07_CI216_06.19.x,7,An. coluzzii,Exposed,21,6,6,x,no Plasmodium,,100,No Cq,No Cq,65,0,No Cq,No Cq,65,0
r07_CI216_07.1.x,7,An. coluzzii,Exposed,21,6,7,x,no Plasmodium,,100,No Cq,No Cq,68.5,0,No Cq,No Cq,65,0
r07_CI216_07.2.x,7,An. coluzzii,Exposed,21,6,7,x,no Plasmodium,,100,No Cq,No Cq,67.5,0,No Cq,No Cq,67.5,0
r07_CI216_07.3.x,7,An. coluzzii,Exposed,21,6,7,x,no Plasmodium,,100,No Cq,No Cq,67,0,No Cq,No Cq,65,0
r07_CI216_07.4.x,7,An. coluzzii,Exposed,21,6,7,x,no Plasmodium,,100,No Cq,No Cq,69,0,No Cq,No Cq,65,0
r07_CI216_07.5.x,7,An. coluzzii,Exposed,21,6,7,x,no Plasmodium,,100,No Cq,No Cq,71.5,0,No Cq,No Cq,65,0
r07_CI216_07.6.x,7,An. coluzzii,Exposed,21,6,7,x,no Plasmodium,,100,No Cq,No Cq,67,0,No Cq,No Cq,65,0
r07_CI216_07.7.x,7,An. coluzzii,Exposed,21,6,7,x,no Plasmodium,,100,No Cq,No Cq,95,0,No Cq,No Cq,95,0
r07_CI216_08.1.x,7,An. coluzzii,Exposed,21,6,8,x,no Plasmodium,,100,No Cq,No Cq,72,0,No Cq,No Cq,65,0
r07_CI216_08.2.x,7,An. coluzzii,Exposed,21,6,8,x,no Plasmodium,,100,No Cq,No Cq,65,0,No Cq,No Cq,65,0
r07_CI216_08.3.x,7,An. coluzzii,Exposed,21,6,8,x,no Plasmodium,,100,No Cq,No Cq,65,0,No Cq,No Cq,68,0
r07_CI216_08.4.x,7,An. coluzzii,Exposed,21,6,8,x,no Plasmodium,,100,No Cq,No Cq,67,0,No Cq,No Cq,95,0
r07_CI216_08.5.x,7,An. coluzzii,Exposed,21,6,8,x,no Plasmodium,,100,No Cq,No Cq,68.5,0,No Cq,No Cq,68.5,0
r07_CI216_08.6.x,7,An. coluzzii,Exposed,21,6,8,x,no Plasmodium,,100,No Cq,No Cq,67,0,No Cq,No Cq,95,0
r07_CI216_08.7.x,7,An. coluzzii,Exposed,21,6,8,x,no Plasmodium,,100,No Cq,No Cq,67.5,0,No Cq,No Cq,65,0
r07_CI216_08.8.x,7,An. coluzzii,Exposed,21,6,8,x,no Plasmodium,,100,No Cq,No Cq,65,0,No Cq,No Cq,65,0
r07_CI216_08.9.x,7,An. coluzzii,Exposed,21,6,8,x,no Plasmodium,,100,No Cq,No Cq,65,0,No Cq,No Cq,67,0
r07_CI216_08.10.x,7,An. coluzzii,Exposed,21,6,8,x,no Plasmodium,,100,No Cq,No Cq,65,0,No Cq,No Cq,65,0
r07_CI216_08.11.x,7,An. coluzzii,Exposed,21,6,8,x,no Plasmodium,,100,No Cq,No Cq,65,0,37.94,0.233,65,0
r07_CI216_09.1.x,7,An. coluzzii,Exposed,21,6,9,x,no Plasmodium,,100,No Cq,No Cq,68.5,0,No Cq,No Cq,65,0
r07_CI216_09.2.x,7,An. coluzzii,Exposed,21,6,9,x,no Plasmodium,,100,No Cq,No Cq,65,0,No Cq,No Cq,68,0
r07_CI216_09.3.x,7,An. coluzzii,Exposed,21,6,9,x,no Plasmodium,,100,No Cq,No Cq,67.5,0,No Cq,No Cq,65,0
r07_CI216_09.4.x,7,An. coluzzii,Exposed,21,6,9,x,no Plasmodium,,100,No Cq,No Cq,65,0,No Cq,No Cq,65,0
r07_CI216_09.5.x,7,An. coluzzii,Exposed,21,6,9,x,no Plasmodium,,100,No Cq,No Cq,72.5,0,No Cq,No Cq,65,0
r07_CI216_10.1.x,7,An. coluzzii,Exposed,21,6,10,x,no Plasmodium,,100,No Cq,No Cq,65,0,No Cq,No Cq,65,0
r07_CI216_10.2.x,7,An. coluzzii,Exposed,21,6,10,x,no Plasmodium,,100,No Cq,No Cq,67,0,No Cq,No Cq,95,0
r07_CI216_10.3.x,7,An. coluzzii,Exposed,21,6,10,x,no Plasmodium,,100,No Cq,No Cq,65,0,No Cq,No Cq,67,0
r07_CI216_10.4.x,7,An. coluzzii,Exposed,21,6,10,x,no Plasmodium,,100,No Cq,No Cq,65,0,No Cq,No Cq,65,0
r07_CI216_11.1.x,7,An. coluzzii,Exposed,21,6,11,x,no Plasmodium,,100,No Cq,No Cq,67,0,No Cq,No Cq,65,0
r07_CI216_11.2.x,7,An. coluzzii,Exposed,21,6,11,x,no Plasmodium,,100,No Cq,No Cq,65,0,No Cq,No Cq,68.5,0
r07_CI216_11.3.x,7,An. coluzzii,Exposed,21,6,11,x,no Plasmodium,,100,No Cq,No Cq,67,0,No Cq,No Cq,68,0
r07_CI216_11.4.x,7,An. coluzzii,Exposed,21,6,11,x,no Plasmodium,,100,No Cq,No Cq,67,0,No Cq,No Cq,72,0
r07_CI216_11.5.x,7,An. coluzzii,Exposed,21,6,11,x,no Plasmodium,,100,No Cq,No Cq,68,0,No Cq,No Cq,65,0
r07_CI216_12.1.x,7,An. coluzzii,Exposed,21,6,12,x,no Plasmodium,,100,No Cq,No Cq,65,0,No Cq,No Cq,65,0
r07_CI216_12.2.x,7,An. coluzzii,Exposed,21,6,12,x,no Plasmodium,,100,No Cq,No Cq,67.5,0,No Cq,No Cq,67.5,0
r07_CI216_12.3.x,7,An. coluzzii,Exposed,21,6,12,x,no Plasmodium,,100,No Cq,No Cq,65,0,No Cq,No Cq,65,0
r07_CI216_12.4.x,7,An. coluzzii,Exposed,21,6,12,x,no Plasmodium,,100,No Cq,No Cq,68.5,0,No Cq,No Cq,74.5,0
r07_CI216_12.5.x,7,An. coluzzii,Exposed,21,6,12,x,no Plasmodium,,100,No Cq,No Cq,65,0,No Cq,No Cq,67.5,0
r07_CI216_12.6.x,7,An. coluzzii,Exposed,21,6,12,x,no Plasmodium,,100,No Cq,No Cq,68,0,No Cq,No Cq,67.5,0
r07_CI216_12.7.x,7,An. coluzzii,Exposed,21,6,12,x,no Plasmodium,,100,No Cq,No Cq,65,0,No Cq,No Cq,65,0
r07_CI216_12.8.x,7,An. coluzzii,Exposed,21,6,12,x,no Plasmodium,,100,No Cq,No Cq,65,0,No Cq,No Cq,67.5,0
r07_CI216_12.9.x,7,An. coluzzii,Exposed,21,6,12,x,no Plasmodium,,100,No Cq,No Cq,69.5,0,No Cq,No Cq,71,0
r07_CI216_13.1.x,7,An. coluzzii,Exposed,21,6,13,x,no Plasmodium,,100,No Cq,No Cq,68,0,No Cq,No Cq,68,0
r07_CI216_13.2.x,7,An. coluzzii,Exposed,21,6,13,x,no Plasmodium,,100,No Cq,No Cq,65,0,No Cq,No Cq,67,0
r07_CI216_13.3.x,7,An. coluzzii,Exposed,21,6,13,x,no Plasmodium,,100,No Cq,No Cq,65,0,No Cq,No Cq,67.5,0
r07_CI216_13.4.x,7,An. coluzzii,Exposed,21,6,13,x,no Plasmodium,,100,No Cq,No Cq,65,0,39.21,0.107,72,0
r07_CI216_14.1.x,7,An. coluzzii,Exposed,21,6,14,x,no Plasmodium,,100,No Cq,No Cq,67,0,No Cq,No Cq,68,0
r07_CI216_14.2.x,7,An. coluzzii,Exposed,21,6,14,x,no Plasmodium,,100,No Cq,No Cq,69,0,No Cq,No Cq,68,0
r07_CI216_14.3.x,7,An. coluzzii,Exposed,21,6,14,x,no Plasmodium,,100,37.36,0.331,70.5,0,38.16,0.203,72.5,0
r07_CI216_14.4.x,7,An. coluzzii,Exposed,21,6,14,x,no Plasmodium,,100,39.81,0.0745,71.5,0,38.88,0.131,78,0
r07_CI216_14.5.x,7,An. coluzzii,Exposed,21,6,14,x,no Plasmodium,,100,No Cq,No Cq,65,0,No Cq,No Cq,95,0
r07_KI210_04.1.x,7,An. gambiae,Exposed,21,0,4,x,no Plasmodium,,100,37.59,0.288,73,0,37.73,0.264,72,0
r07_KI210_04.2.x,7,An. gambiae,Exposed,21,0,4,x,no Plasmodium,,100,No Cq,No Cq,65,0,No Cq,No Cq,65,0
r07_KI210_05.1.x,7,An. gambiae,Exposed,21,0,5,x,no Plasmodium,,100,No Cq,No Cq,68,0,No Cq,No Cq,65,0
r07_KI210_06.1.x,7,An. gambiae,Exposed,21,0,6,x,no Plasmodium,,100,No Cq,No Cq,65,0,39.68,0.0805,65,0
r07_KI210_06.2.x,7,An. gambiae,Exposed,21,0,6,x,no Plasmodium,,100,No Cq,No Cq,65,0,39.57,0.00172,95,0
r07_KI210_08.1.x,7,An. gambiae,Exposed,21,0,8,x,no Plasmodium,,100,No Cq,No Cq,65,0,No Cq,No Cq,95,0
r07_KI210_08.2.x,7,An. gambiae,Exposed,21,0,8,x,no Plasmodium,,100,No Cq,No Cq,65,0,No Cq,No Cq,65,0
r07_KI210_10.1.x,7,An. gambiae,Exposed,21,0,10,x,no Plasmodium,,100,No Cq,No Cq,65,0,No Cq,No Cq,95,0
r07_KI210_10.2.x,7,An. gambiae,Exposed,21,0,10,x,no Plasmodium,,100,No Cq,No Cq,65,0,No Cq,No Cq,95,0
r07_KI210_11.1.x,7,An. gambiae,Exposed,21,0,11,x,no Plasmodium,,100,No Cq,No Cq,95,0,No Cq,No Cq,95,0
r07_KI210_11.2.x,7,An. gambiae,Exposed,21,0,11,x,no Plasmodium,,100,No Cq,No Cq,65,0,No Cq,No Cq,65,0
r07_KI210_11.3.x,7,An. gambiae,Exposed,21,0,11,x,no Plasmodium,,100,No Cq,No Cq,67,0,No Cq,No Cq,67.5,0
r07_KI210_11.4.x,7,An. gambiae,Exposed,21,0,11,x,no Plasmodium,,100,No Cq,No Cq,65,0,No Cq,No Cq,67.5,0
r07_KI210_11.5.x,7,An. gambiae,Exposed,21,0,11,x,no Plasmodium,,100,No Cq,No Cq,65,0,No Cq,No Cq,65,0
r07_KI210_11.6.x,7,An. gambiae,Exposed,21,0,11,x,no Plasmodium,,100,No Cq,No Cq,65,0,No Cq,No Cq,65,0
r07_KI210_11.7.x,7,An. gambiae,Exposed,21,0,11,x,no Plasmodium,,100,No Cq,No Cq,65,0,No Cq,No Cq,65,0
r07_KI210_11.8.x,7,An. gambiae,Exposed,21,0,11,x,no Plasmodium,,100,No Cq,No Cq,65,0,No Cq,No Cq,68.5,0
r07_KI210_11.9.x,7,An. gambiae,Exposed,21,0,11,x,no Plasmodium,,100,No Cq,No Cq,71.5,0,No Cq,No Cq,65,0
r07_KI210_11.10.x,7,An. gambiae,Exposed,21,0,11,x,no Plasmodium,,100,No Cq,No Cq,65,0,No Cq,No Cq,65,0
r07_KI210_11.11.x,7,An. gambiae,Exposed,21,0,11,x,no Plasmodium,,100,No Cq,No Cq,65,0,No Cq,No Cq,67,0
r07_KI210_12.1.x,7,An. gambiae,Exposed,21,0,12,x,no Plasmodium,,100,No Cq,No Cq,65,0,No Cq,No Cq,67.5,0
r07_KI210_12.2.x,7,An. gambiae,Exposed,21,0,12,x,no Plasmodium,,100,No Cq,No Cq,65,0,No Cq,No Cq,65,0
r07_KI210_12.3.x,7,An. gambiae,Exposed,21,0,12,x,no Plasmodium,,100,No Cq,No Cq,71.5,0,No Cq,No Cq,73,0
r07_KI210_12.4.x,7,An. gambiae,Exposed,21,0,12,x,no Plasmodium,,100,No Cq,No Cq,67,0,No Cq,No Cq,65,0
r07_KI210_12.5.x,7,An. gambiae,Exposed,21,0,12,x,no Plasmodium,,100,No Cq,No Cq,65,0,No Cq,No Cq,67.5,0
r07_KI210_12.6.x,7,An. gambiae,Exposed,21,0,12,x,no Plasmodium,,100,No Cq,No Cq,67.5,0,No Cq,No Cq,95,0
r07_KI210_13.1.x,7,An. gambiae,Exposed,21,0,13,x,no Plasmodium,,100,No Cq,No Cq,67.5,0,No Cq,No Cq,70,0
r07_KI210_13.2.x,7,An. gambiae,Exposed,21,0,13,x,no Plasmodium,,100,No Cq,No Cq,68,0,No Cq,No Cq,72.5,0
r07_KI210_13.3.x,7,An. gambiae,Exposed,21,0,13,x,no Plasmodium,,100,No Cq,No Cq,69,0,No Cq,No Cq,67.5,0
r07_KI210_13.4.x,7,An. gambiae,Exposed,21,0,13,x,no Plasmodium,,100,No Cq,No Cq,68,0,No Cq,No Cq,65,0
r07_KI210_13.5.x,7,An. gambiae,Exposed,21,0,13,x,no Plasmodium,,100,No Cq,No Cq,65,0,No Cq,No Cq,67,0
r07_KI210_13.6.x,7,An. gambiae,Exposed,21,0,13,x,no Plasmodium,,100,No Cq,No Cq,67.5,0,No Cq,No Cq,65,0
r07_KI210_13.7.x,7,An. gambiae,Exposed,21,0,13,x,no Plasmodium,,100,No Cq,No Cq,65,0,No Cq,No Cq,65,0
r07_KI210_13.8.x,7,An. gambiae,Exposed,21,0,13,x,no Plasmodium,,100,No Cq,No Cq,65,0,No Cq,No Cq,65,0
r07_KI210_13.9.x,7,An. gambiae,Exposed,21,0,13,x,no Plasmodium,,100,No Cq,No Cq,65,0,No Cq,No Cq,68.5,0
r07_KI210_14.1.x,7,An. gambiae,Exposed,21,0,14,x,no Plasmodium,,100,No Cq,No Cq,95,0,No Cq,No Cq,65,0
r07_KI210_14.2.x,7,An. gambiae,Exposed,21,0,14,x,no Plasmodium,,100,No Cq,No Cq,67,0,No Cq,No Cq,68,0
r07_KI210_14.3.x,7,An. gambiae,Exposed,21,0,14,x,no Plasmodium,,100,No Cq,No Cq,67,0,No Cq,No Cq,65,0
r07_KI210_14.4.x,7,An. gambiae,Exposed,21,0,14,x,no Plasmodium,,100,No Cq,No Cq,65,0,No Cq,No Cq,95,0
r07_KI210_14.5.x,7,An. gambiae,Exposed,21,0,14,x,no Plasmodium,,100,No Cq,No Cq,90.5,0,No Cq,No Cq,65,0
r07_KI210_14.6.x,7,An. gambiae,Exposed,21,0,14,x,no Plasmodium,,100,No Cq,No Cq,72.5,0,No Cq,No Cq,65,0
r07_KI210_14.7.x,7,An. gambiae,Exposed,21,0,14,x,no Plasmodium,,100,No Cq,No Cq,65,0,No Cq,No Cq,90.5,0
r07_KI210_15.1.x,7,An. gambiae,Exposed,21,0,15,x,no Plasmodium,,100,No Cq,No Cq,95,0,No Cq,No Cq,95,0
r07_KI210_15.2.x,7,An. gambiae,Exposed,21,0,15,x,no Plasmodium,,100,No Cq,No Cq,95,0,No Cq,No Cq,67,0
r07_KI210_15.3.x,7,An. gambiae,Exposed,21,0,15,x,no Plasmodium,,100,No Cq,No Cq,95,0,No Cq,No Cq,95,0
r07_KI210_15.4.x,7,An. gambiae,Exposed,21,0,15,x,with Plasmodium,497.49999999999994,100,30.43,6.42,73,1,31.61,3.53,73,1
r07_KI210_15.5.x,7,An. gambiae,Exposed,21,0,15,x,with Plasmodium,4660.0,100,32.25,53.6,73,1,32.86,39.6,73.5,1
r07_KI210_16.1.x,7,An. gambiae,Exposed,21,0,16,x,no Plasmodium,,100,No Cq,No Cq,65,0,No Cq,No Cq,65,0
r07_KI210_16.2.x,7,An. gambiae,Exposed,21,0,16,x,no Plasmodium,,100,No Cq,No Cq,65,0,No Cq,No Cq,65,0
r07_KI210_16.3.x,7,An. gambiae,Exposed,21,0,16,x,no Plasmodium,,100,No Cq,No Cq,65,0,No Cq,No Cq,65,0
r07_KI210_16.4.x,7,An. gambiae,Exposed,21,0,16,x,no Plasmodium,,100,No Cq,No Cq,67,0,No Cq,No Cq,65,0
r07_KI210_17.1.x,7,An. gambiae,Exposed,21,0,17,x,no Plasmodium,,100,No Cq,No Cq,67,0,No Cq,No Cq,95,0
r07_KI210_17.2.x,7,An. gambiae,Exposed,21,0,17,x,no Plasmodium,,100,No Cq,No Cq,65,0,No Cq,No Cq,65,0
r07_KI210_17.3.x,7,An. gambiae,Exposed,21,0,17,x,no Plasmodium,,100,No Cq,No Cq,68,0,No Cq,No Cq,67,0
r07_KI210_17.4.x,7,An. gambiae,Exposed,21,0,17,x,no Plasmodium,,100,No Cq,No Cq,65,0,No Cq,No Cq,65,0
r07_KI210_17.5.x,7,An. gambiae,Exposed,21,0,17,x,no Plasmodium,,100,No Cq,No Cq,65,0,No Cq,No Cq,65,0
r07_KI210_17.6.x,7,An. gambiae,Exposed,21,0,17,x,no Plasmodium,,100,No Cq,No Cq,65,0,No Cq,No Cq,65,0
r07_KI210_18.1.x,7,An. gambiae,Exposed,21,0,18,x,no Plasmodium,,100,No Cq,No Cq,65,0,No Cq,No Cq,65,0
r07_KI210_20.1.x,7,An. gambiae,Exposed,21,0,20,x,no Plasmodium,,100,No Cq,No Cq,65,0,No Cq,No Cq,65,0
r07_KI210_21.1.x,7,An. gambiae,Exposed,21,0,21,x,no Plasmodium,,100,No Cq,No Cq,65,0,No Cq,No Cq,65,0
r07_KI210_21.2.x,7,An. gambiae,Exposed,21,0,21,x,no Plasmodium,,100,No Cq,No Cq,67,0,No Cq,No Cq,67.5,0
r07_KI210_23.1.x,7,An. gambiae,Exposed,21,0,23,x,no Plasmodium,,100,No Cq,No Cq,95,0,No Cq,No Cq,72,0
r07_KI210_25.1.x,7,An. gambiae,Exposed,21,0,25,x,no Plasmodium,,100,No Cq,No Cq,67,0,No Cq,No Cq,65,0
r07_KI210_25.2.x,7,An. gambiae,Exposed,21,0,25,x,no Plasmodium,,100,No Cq,No Cq,68.5,0,No Cq,No Cq,65,0
r07_KI216_03.2.0,7,An. gambiae,Exposed,21,6,3,0,no Plasmodium,,100,No Cq,No Cq,74,0,No Cq,No Cq,67.5,0
r07_KI216_03.3.0,7,An. gambiae,Exposed,21,6,3,0,no Plasmodium,,100,No Cq,No Cq,65,0,No Cq,No Cq,68.5,0
r07_KI216_03.4.0,7,An. gambiae,Exposed,21,6,3,0,no Plasmodium,,100,No Cq,No Cq,65,0,No Cq,No Cq,67,0
r07_KI216_03.5.0,7,An. gambiae,Exposed,21,6,3,0,no Plasmodium,,100,No Cq,No Cq,68,0,No Cq,No Cq,68.5,0
r07_KI216_03.6.0,7,An. gambiae,Exposed,21,6,3,0,no Plasmodium,,100,No Cq,No Cq,72.5,0,No Cq,No Cq,65,0
r07_KI216_06.1.0,7,An. gambiae,Exposed,21,6,6,0,no Plasmodium,,100,No Cq,No Cq,67.5,0,No Cq,No Cq,95,0
r07_KI216_06.2.0,7,An. gambiae,Exposed,21,6,6,0,no Plasmodium,,100,No Cq,No Cq,67.5,0,No Cq,No Cq,68,0
r07_KI216_06.3.0,7,An. gambiae,Exposed,21,6,6,0,no Plasmodium,,100,No Cq,No Cq,65,0,No Cq,No Cq,68,0
r07_KI216_06.4.0,7,An. gambiae,Exposed,21,6,6,0,no Plasmodium,,100,No Cq,No Cq,67.5,0,No Cq,No Cq,95,0
r07_KI216_06.5.0,7,An. gambiae,Exposed,21,6,6,0,no Plasmodium,,100,No Cq,No Cq,67,0,No Cq,No Cq,67.5,0
r07_KI216_06.6.0,7,An. gambiae,Exposed,21,6,6,0,no Plasmodium,,100,No Cq,No Cq,65,0,No Cq,No Cq,95,0
r07_KI216_09.1.0,7,An. gambiae,Exposed,21,6,9,0,no Plasmodium,,100,No Cq,No Cq,95,0,No Cq,No Cq,65,0
r07_KI216_09.2.0,7,An. gambiae,Exposed,21,6,9,0,no Plasmodium,,100,No Cq,No Cq,73,0,No Cq,No Cq,65,0
r07_KI216_09.3.0,7,An. gambiae,Exposed,21,6,9,0,no Plasmodium,,100,No Cq,No Cq,65,0,No Cq,No Cq,68,0
r07_KI216_09.4.0,7,An. gambiae,Exposed,21,6,9,0,no Plasmodium,,100,No Cq,No Cq,67,0,No Cq,No Cq,95,0
r07_KI216_09.5.0,7,An. gambiae,Exposed,21,6,9,0,no Plasmodium,,100,No Cq,No Cq,95,0,No Cq,No Cq,69.5,0
r07_KI216_09.6.0,7,An. gambiae,Exposed,21,6,9,0,no Plasmodium,,100,No Cq,No Cq,68.5,0,No Cq,No Cq,73,0
r07_KI216_21.1.0,7,An. gambiae,Exposed,21,6,21,0,no Plasmodium,,100,No Cq,No Cq,89.5,0,No Cq,No Cq,95,0
r07_KI216_21.2.0,7,An. gambiae,Exposed,21,6,21,0,no Plasmodium,,100,No Cq,No Cq,65,0,No Cq,No Cq,65,0
r07_KI216_21.3.0,7,An. gambiae,Exposed,21,6,21,0,no Plasmodium,,100,No Cq,No Cq,68,0,No Cq,No Cq,65,0
r07_KI216_21.4.0,7,An. gambiae,Exposed,21,6,21,0,with Plasmodium,1163.0,100,36.58,6.36,73,1,34.59,16.9,72.5,1
r07_KI216_21.5.0,7,An. gambiae,Exposed,21,6,21,0,no Plasmodium,,100,No Cq,No Cq,72,0,No Cq,No Cq,65,0
r07_KI216_21.6.0,7,An. gambiae,Exposed,21,6,21,0,no Plasmodium,,100,39.96,1.2,71,0,No Cq,No Cq,65,0
r07_KI216_25.1.0,7,An. gambiae,Exposed,21,6,25,0,no Plasmodium,,100,No Cq,No Cq,68,0,No Cq,No Cq,65,0
r07_KI216_25.2.0,7,An. gambiae,Exposed,21,6,25,0,with Plasmodium,14.860000000000001,100,38.4,0.205,65,1,39.6,0.0922,95,1
r07_KI216_25.3.0,7,An. gambiae,Exposed,21,6,25,0,no Plasmodium,,100,No Cq,No Cq,95,0,No Cq,No Cq,65,0
r07_KI216_25.4.0,7,An. gambiae,Exposed,21,6,25,0,with Plasmodium,2095.0,100,30.76,32.3,73.5,1,32.59,9.6,73.5,1
r07_KI216_25.5.0,7,An. gambiae,Exposed,21,6,25,0,with Plasmodium,1789.9999999999998,100,31.35,21.9,73.5,1,32.03,13.9,74,1
r07_KI216_25.6.0,7,An. gambiae,Exposed,21,6,25,0,no Plasmodium,,100,No Cq,No Cq,65,0,39.89,0.0764,65,0
r07_KI216_27.1.0,7,An. gambiae,Exposed,21,6,27,0,with Plasmodium,297.49999999999994,100,31.71,3.36,73,1,32.22,2.59,73.5,1
r07_KI216_27.2.0,7,An. gambiae,Exposed,21,6,27,0,no Plasmodium,,100,No Cq,No Cq,65,0,No Cq,No Cq,65,0
r07_CI216_03.1.0,7,An. coluzzii,Exposed,21,6,3,0,no Plasmodium,,100,39.89,0.0764,67.5,0,No Cq,No Cq,65,0
r07_CI216_03.2.0,7,An. coluzzii,Exposed,21,6,3,0,no Plasmodium,,100,39.62,0.0912,65,0,39.86,0.0777,68.5,0
r07_CI216_03.3.0,7,An. coluzzii,Exposed,21,6,3,0,no Plasmodium,,100,No Cq,No Cq,67.5,0,No Cq,No Cq,65,0
r07_CI216_03.4.0,7,An. coluzzii,Exposed,21,6,3,0,no Plasmodium,,100,No Cq,No Cq,65,0,37.76,0.312,65,0
r07_CI216_03.5.0,7,An. coluzzii,Exposed,21,6,3,0,no Plasmodium,,100,39.97,0.0725,65,0,No Cq,No Cq,87.5,0
r07_CI216_03.6.0,7,An. coluzzii,Exposed,21,6,3,0,no Plasmodium,,100,No Cq,No Cq,68,0,37.78,0.309,65,0
r07_CI216_06.1.0,7,An. coluzzii,Exposed,21,6,6,0,no Plasmodium,,100,No Cq,No Cq,65,0,No Cq,No Cq,67,0
r07_CI216_06.2.0,7,An. coluzzii,Exposed,21,6,6,0,no Plasmodium,,100,No Cq,No Cq,68,0,38.3,0.219,72.5,0
r07_CI216_06.3.0,7,An. coluzzii,Exposed,21,6,6,0,no Plasmodium,,100,No Cq,No Cq,68.5,0,No Cq,No Cq,65,0
r07_CI216_06.4.0,7,An. coluzzii,Exposed,21,6,6,0,no Plasmodium,,100,No Cq,No Cq,67.5,0,No Cq,No Cq,65,0
r07_CI216_06.5.0,7,An. coluzzii,Exposed,21,6,6,0,no Plasmodium,,100,No Cq,No Cq,88,0,36.93,0.541,72,0
r07_CI216_06.6.0,7,An. coluzzii,Exposed,21,6,6,0,no Plasmodium,,100,No Cq,No Cq,88,0,No Cq,No Cq,65,0
r07_CI216_09.1.0,7,An. coluzzii,Exposed,21,6,9,0,no Plasmodium,,100,No Cq,No Cq,67.5,0,No Cq,No Cq,65,0
r07_CI216_09.2.0,7,An. coluzzii,Exposed,21,6,9,0,no Plasmodium,,100,No Cq,No Cq,68,0,No Cq,No Cq,87.5,0
r07_CI216_09.3.0,7,An. coluzzii,Exposed,21,6,9,0,no Plasmodium,,100,No Cq,No Cq,67,0,No Cq,No Cq,65,0
r07_CI216_09.4.0,7,An. coluzzii,Exposed,21,6,9,0,no Plasmodium,,100,No Cq,No Cq,68.5,0,No Cq,No Cq,65,0
r07_CI216_09.5.0,7,An. coluzzii,Exposed,21,6,9,0,no Plasmodium,,100,No Cq,No Cq,67,0,No Cq,No Cq,86.5,0
r07_CI216_09.6.0,7,An. coluzzii,Exposed,21,6,9,0,no Plasmodium,,100,No Cq,No Cq,86.5,0,No Cq,No Cq,67.5,0
r07_KI216_03.1.x,7,An. gambiae,Exposed,21,6,3,x,no Plasmodium,,100,No Cq,No Cq,67,0,No Cq,No Cq,87.5,0
r07_KI216_05.1.x,7,An. gambiae,Exposed,21,6,5,x,no Plasmodium,,100,No Cq,No Cq,69,0,No Cq,No Cq,65,0
r07_KI216_05.2.x,7,An. gambiae,Exposed,21,6,5,x,no Plasmodium,,100,No Cq,No Cq,65,0,No Cq,No Cq,87.5,0
r07_KI216_05.3.x,7,An. gambiae,Exposed,21,6,5,x,no Plasmodium,,100,No Cq,No Cq,68.5,0,No Cq,No Cq,88.5,0
r07_KI216_06.1.x,7,An. gambiae,Exposed,21,6,6,x,no Plasmodium,,100,No Cq,No Cq,91,0,No Cq,No Cq,65,0
r07_KI216_06.2.x,7,An. gambiae,Exposed,21,6,6,x,no Plasmodium,,100,No Cq,No Cq,88.5,0,No Cq,No Cq,67.5,0
r07_KI216_08.1.x,7,An. gambiae,Exposed,21,6,8,x,no Plasmodium,,100,No Cq,No Cq,65,0,No Cq,No Cq,71.5,0
r07_KI216_08.2.x,7,An. gambiae,Exposed,21,6,8,x,no Plasmodium,,100,No Cq,No Cq,65,0,No Cq,No Cq,69.5,0
r07_KI216_08.3.x,7,An. gambiae,Exposed,21,6,8,x,no Plasmodium,,100,No Cq,No Cq,67,0,No Cq,No Cq,95,0
r07_KI216_08.4.x,7,An. gambiae,Exposed,21,6,8,x,no Plasmodium,,100,No Cq,No Cq,65,0,No Cq,No Cq,65,0
r07_KI216_08.5.x,7,An. gambiae,Exposed,21,6,8,x,no Plasmodium,,100,No Cq,No Cq,92,0,No Cq,No Cq,95,0
r07_KI216_08.6.x,7,An. gambiae,Exposed,21,6,8,x,no Plasmodium,,100,No Cq,No Cq,65,0,No Cq,No Cq,65,0
r07_KI216_08.7.x,7,An. gambiae,Exposed,21,6,8,x,no Plasmodium,,100,No Cq,No Cq,65,0,No Cq,No Cq,84.5,0
r07_KI216_08.8.x,7,An. gambiae,Exposed,21,6,8,x,no Plasmodium,,100,No Cq,No Cq,65,0,No Cq,No Cq,65,0
r07_KI216_08.9.x,7,An. gambiae,Exposed,21,6,8,x,no Plasmodium,,100,No Cq,No Cq,87.5,0,No Cq,No Cq,92,0
r07_KI216_09.1.x,7,An. gambiae,Exposed,21,6,9,x,no Plasmodium,,100,No Cq,No Cq,65,0,No Cq,No Cq,65,0
r07_KI216_09.2.x,7,An. gambiae,Exposed,21,6,9,x,no Plasmodium,,100,No Cq,No Cq,87,0,No Cq,No Cq,95,0
r07_KI216_09.3.x,7,An. gambiae,Exposed,21,6,9,x,no Plasmodium,,100,35.88,0.0401,95,0,35.33,0.0637,65,0
r07_KI216_10.1.x,7,An. gambiae,Exposed,21,6,10,x,no Plasmodium,,100,35.92,0.039,65,0,36.4,0.0261,95,0
r07_KI216_10.2.x,7,An. gambiae,Exposed,21,6,10,x,no Plasmodium,,100,38.92,0.00321,65,0,39.46,0.00206,65,0
r07_KI216_10.3.x,7,An. gambiae,Exposed,21,6,10,x,no Plasmodium,,100,37.37,0.0116,72,0,37.3,0.0123,73,0
r07_KI216_11.1.x,7,An. gambiae,Exposed,21,6,11,x,no Plasmodium,,100,35.89,0.0399,74,0,37.65,0.00923,65,0
r07_KI216_11.2.x,7,An. gambiae,Exposed,21,6,11,x,no Plasmodium,,100,37.44,0.011,72.5,0,39.23,0.00248,71.5,0
r07_KI216_11.3.x,7,An. gambiae,Exposed,21,6,11,x,no Plasmodium,,100,No Cq,No Cq,65,0,No Cq,No Cq,65,0
r07_KI216_11.4.x,7,An. gambiae,Exposed,21,6,11,x,no Plasmodium,,100,No Cq,No Cq,65,0,No Cq,No Cq,65,0
r07_KI216_11.5.x,7,An. gambiae,Exposed,21,6,11,x,no Plasmodium,,100,No Cq,No Cq,65,0,38.15,0.00608,65,0
r07_KI216_12.1.x,7,An. gambiae,Exposed,21,6,12,x,no Plasmodium,,100,39.4,0.00215,67,0,37.48,0.0106,65,0
r07_KI216_12.2.x,7,An. gambiae,Exposed,21,6,12,x,no Plasmodium,,100,36.82,0.0184,73.5,0,38.14,0.00615,73.5,0
r07_KI216_12.3.x,7,An. gambiae,Exposed,21,6,12,x,no Plasmodium,,100,No Cq,No Cq,68.5,0,37.61,0.00954,65,0
r07_KI216_12.4.x,7,An. gambiae,Exposed,21,6,12,x,no Plasmodium,,100,36.31,0.028,74,0,38.48,0.00464,72,0
r07_KI216_12.5.x,7,An. gambiae,Exposed,21,6,12,x,no Plasmodium,,100,No Cq,No Cq,68,0,No Cq,No Cq,65,0
r07_KI216_12.6.x,7,An. gambiae,Exposed,21,6,12,x,no Plasmodium,,100,No Cq,No Cq,67.5,0,No Cq,No Cq,65,0
r07_KI216_12.7.x,7,An. gambiae,Exposed,21,6,12,x,no Plasmodium,,100,No Cq,No Cq,65,0,No Cq,No Cq,67,0
r07_KI216_12.8.x,7,An. gambiae,Exposed,21,6,12,x,no Plasmodium,,100,No Cq,No Cq,65,0,No Cq,No Cq,67,0
r07_KI216_12.9.x,7,An. gambiae,Exposed,21,6,12,x,no Plasmodium,,100,No Cq,No Cq,69.5,0,No Cq,No Cq,68.5,0
r07_KI216_12.10.x,7,An. gambiae,Exposed,21,6,12,x,no Plasmodium,,100,No Cq,No Cq,71.5,0,No Cq,No Cq,68,0
r07_KI216_12.11.x,7,An. gambiae,Exposed,21,6,12,x,no Plasmodium,,100,No Cq,No Cq,67.5,0,No Cq,No Cq,65,0
r07_KI216_12.12.x,7,An. gambiae,Exposed,21,6,12,x,no Plasmodium,,100,38.22,0.00575,73,0,38.34,0.00521,73,0
r07_KI216_12.13.x,7,An. gambiae,Exposed,21,6,12,x,no Plasmodium,,100,No Cq,No Cq,68,0,No Cq,No Cq,67.5,0
r07_KI216_12.14.x,7,An. gambiae,Exposed,21,6,12,x,no Plasmodium,,100,No Cq,No Cq,68,0,No Cq,No Cq,95,0
r07_KI216_12.15.x,7,An. gambiae,Exposed,21,6,12,x,no Plasmodium,,100,No Cq,No Cq,67.5,0,No Cq,No Cq,65,0
r07_KI216_13.1.x,7,An. gambiae,Exposed,21,6,13,x,no Plasmodium,,100,No Cq,No Cq,68.5,0,No Cq,No Cq,68,0
r07_KI216_13.2.x,7,An. gambiae,Exposed,21,6,13,x,no Plasmodium,,100,No Cq,No Cq,69.5,0,No Cq,No Cq,65,0
r07_KI216_13.3.x,7,An. gambiae,Exposed,21,6,13,x,no Plasmodium,,100,No Cq,No Cq,88.5,0,No Cq,No Cq,65,0
r07_KI216_13.4.x,7,An. gambiae,Exposed,21,6,13,x,no Plasmodium,,100,No Cq,No Cq,65,0,No Cq,No Cq,67.5,0
r07_KI216_13.5.x,7,An. gambiae,Exposed,21,6,13,x,no Plasmodium,,100,No Cq,No Cq,71.5,0,No Cq,No Cq,95,0
r07_KI216_13.6.x,7,An. gambiae,Exposed,21,6,13,x,no Plasmodium,,100,No Cq,No Cq,65,0,No Cq,No Cq,67,0
r07_KI216_13.7.x,7,An. gambiae,Exposed,21,6,13,x,no Plasmodium,,100,No Cq,No Cq,68,0,No Cq,No Cq,65,0
r07_KI216_14.1.x,7,An. gambiae,Exposed,21,6,14,x,no Plasmodium,,100,No Cq,No Cq,65,0,No Cq,No Cq,65,0
r07_KI216_14.2.x,7,An. gambiae,Exposed,21,6,14,x,no Plasmodium,,100,No Cq,No Cq,67,0,No Cq,No Cq,65,0
r07_KI216_14.3.x,7,An. gambiae,Exposed,21,6,14,x,no Plasmodium,,100,No Cq,No Cq,67.5,0,No Cq,No Cq,95,0
r07_KI216_14.4.x,7,An. gambiae,Exposed,21,6,14,x,no Plasmodium,,100,No Cq,No Cq,68,0,No Cq,No Cq,95,0
r07_KI216_14.5.x,7,An. gambiae,Exposed,21,6,14,x,no Plasmodium,,100,No Cq,No Cq,88,0,No Cq,No Cq,65,0
r07_KI216_14.6.x,7,An. gambiae,Exposed,21,6,14,x,no Plasmodium,,100,38.25,0.00562,73,0,No Cq,No Cq,92.5,0
r07_KI216_14.7.x,7,An. gambiae,Exposed,21,6,14,x,no Plasmodium,1.695,100,37.07,0.015,73,1,36.79,0.0189,73,1
r07_KI216_15.1.x,7,An. gambiae,Exposed,21,6,15,x,no Plasmodium,,100,No Cq,No Cq,65,0,No Cq,No Cq,95,0
r07_KI216_15.2.x,7,An. gambiae,Exposed,21,6,15,x,no Plasmodium,,100,No Cq,No Cq,65,0,No Cq,No Cq,70,0
r07_KI216_15.3.x,7,An. gambiae,Exposed,21,6,15,x,no Plasmodium,,100,No Cq,No Cq,95,0,No Cq,No Cq,65,0
r07_KI216_15.4.x,7,An. gambiae,Exposed,21,6,15,x,no Plasmodium,,100,No Cq,No Cq,95,0,No Cq,No Cq,68,0
r07_KI216_15.5.x,7,An. gambiae,Exposed,21,6,15,x,no Plasmodium,,100,No Cq,No Cq,65,0,No Cq,No Cq,65,0
r07_KI216_15.6.x,7,An. gambiae,Exposed,21,6,15,x,no Plasmodium,,100,No Cq,No Cq,67,0,No Cq,No Cq,65,0
r07_KI216_15.7.x,7,An. gambiae,Exposed,21,6,15,x,no Plasmodium,,100,No Cq,No Cq,65,0,No Cq,No Cq,67,0
r07_KI216_15.8.x,7,An. gambiae,Exposed,21,6,15,x,with Plasmodium,210.0,100,36.9,1.26,73.5,1,35.41,2.94,73,1
r07_KI216_15.9.x,7,An. gambiae,Exposed,21,6,15,x,no Plasmodium,,100,No Cq,No Cq,65,0,No Cq,No Cq,65,0
r07_KI216_15.10.x,7,An. gambiae,Exposed,21,6,15,x,no Plasmodium,,100,No Cq,No Cq,69.5,0,No Cq,No Cq,95,0
r07_KI216_15.11.x,7,An. gambiae,Exposed,21,6,15,x,no Plasmodium,,100,No Cq,No Cq,67,0,No Cq,No Cq,65,0
r07_KI216_15.12.x,7,An. gambiae,Exposed,21,6,15,x,no Plasmodium,,100,No Cq,No Cq,65,0,No Cq,No Cq,65,0
r07_KI216_16.1.x,7,An. gambiae,Exposed,21,6,16,x,no Plasmodium,,100,No Cq,No Cq,65,0,No Cq,No Cq,95,0
r07_KI216_16.2.x,7,An. gambiae,Exposed,21,6,16,x,no Plasmodium,,100,No Cq,No Cq,65,0,No Cq,No Cq,67,0
r07_KI216_17.1.x,7,An. gambiae,Exposed,21,6,17,x,no Plasmodium,,100,No Cq,No Cq,65,0,No Cq,No Cq,65,0
r07_KI216_17.2.x,7,An. gambiae,Exposed,21,6,17,x,no Plasmodium,,100,No Cq,No Cq,65,0,39.97,0.219,67,0
r07_KI216_17.3.x,7,An. gambiae,Exposed,21,6,17,x,no Plasmodium,,100,No Cq,No Cq,65,0,No Cq,No Cq,65,0
r07_KI216_17.4.x,7,An. gambiae,Exposed,21,6,17,x,no Plasmodium,,100,No Cq,No Cq,65,0,No Cq,No Cq,65,0
r07_KI216_17.5.x,7,An. gambiae,Exposed,21,6,17,x,with Plasmodium,101.6,100,37.36,0.972,65,1,37.21,1.06,73,1
r07_KI216_17.6.x,7,An. gambiae,Exposed,21,6,17,x,no Plasmodium,,100,No Cq,No Cq,68,0,No Cq,No Cq,67,0
r07_KI216_17.7.x,7,An. gambiae,Exposed,21,6,17,x,no Plasmodium,,100,No Cq,No Cq,95,0,No Cq,No Cq,67.5,0
r07_KI216_17.8.x,7,An. gambiae,Exposed,21,6,17,x,no Plasmodium,,100,No Cq,No Cq,65,0,No Cq,No Cq,65,0
r07_KI216_17.9.x,7,An. gambiae,Exposed,21,6,17,x,no Plasmodium,,100,No Cq,No Cq,67,0,No Cq,No Cq,65,0
r07_KI216_17.10.x,7,An. gambiae,Exposed,21,6,17,x,no Plasmodium,,100,No Cq,No Cq,65,0,No Cq,No Cq,65,0
r07_KI216_18.1.x,7,An. gambiae,Exposed,21,6,18,x,no Plasmodium,,100,No Cq,No Cq,67,0,No Cq,No Cq,65,0
r07_KI216_18.2.x,7,An. gambiae,Exposed,21,6,18,x,no Plasmodium,,100,No Cq,No Cq,65,0,No Cq,No Cq,67.5,0
r07_KI216_18.3.x,7,An. gambiae,Exposed,21,6,18,x,no Plasmodium,,100,No Cq,No Cq,67.5,0,No Cq,No Cq,71.5,0
r07_KI216_19.1.x,7,An. gambiae,Exposed,21,6,19,x,no Plasmodium,,100,No Cq,No Cq,65,0,No Cq,No Cq,65,0
r07_KI216_19.2.x,7,An. gambiae,Exposed,21,6,19,x,no Plasmodium,,100,No Cq,No Cq,67,0,No Cq,No Cq,65,0
r07_KI216_19.3.x,7,An. gambiae,Exposed,21,6,19,x,no Plasmodium,,100,No Cq,No Cq,89,0,No Cq,No Cq,65,0
r07_KI216_19.4.x,7,An. gambiae,Exposed,21,6,19,x,no Plasmodium,,100,No Cq,No Cq,65,0,No Cq,No Cq,65,0
r07_KI216_20.1.x,7,An. gambiae,Exposed,21,6,20,x,no Plasmodium,,100,No Cq,No Cq,65,0,No Cq,No Cq,65,0
r07_KI216_20.2.x,7,An. gambiae,Exposed,21,6,20,x,no Plasmodium,,100,No Cq,No Cq,65,0,No Cq,No Cq,65,0
r07_KI216_20.3.x,7,An. gambiae,Exposed,21,6,20,x,no Plasmodium,,100,No Cq,No Cq,67.5,0,No Cq,No Cq,67.5,0
r07_KI216_22.1.x,7,An. gambiae,Exposed,21,6,22,x,no Plasmodium,,100,No Cq,No Cq,95,0,No Cq,No Cq,67,0
r07_KI216_25.1.x,7,An. gambiae,Exposed,21,6,25,x,no Plasmodium,,100,No Cq,No Cq,65,0,No Cq,No Cq,65,0
r07_CI210_04.1.x,7,An. coluzzii,Exposed,21,0,4,x,no Plasmodium,,100,No Cq,No Cq,65,0,No Cq,No Cq,65,0
r07_CI210_04.2.x,7,An. coluzzii,Exposed,21,0,4,x,no Plasmodium,,100,No Cq,No Cq,65,0,No Cq,No Cq,65,0
r07_CI210_05.1.x,7,An. coluzzii,Exposed,21,0,5,x,no Plasmodium,,100,No Cq,No Cq,65,0,No Cq,No Cq,65,0
r07_CI210_05.2.x,7,An. coluzzii,Exposed,21,0,5,x,no Plasmodium,2010.0000000000002,100,33.57,8.4,72.5,1,31.22,31.8,72.5,1
r07_CI210_05.3.x,7,An. coluzzii,Exposed,21,0,5,x,no Plasmodium,,100,No Cq,No Cq,95,0,No Cq,No Cq,65,0
r07_CI210_05.4.x,7,An. coluzzii,Exposed,21,0,5,x,no Plasmodium,,100,No Cq,No Cq,65,0,No Cq,No Cq,65,0
r07_CI210_05.5.x,7,An. coluzzii,Exposed,21,0,5,x,no Plasmodium,,100,39.66,0.261,65,0,39.29,0.323,65,0
r07_CI210_05.6.x,7,An. coluzzii,Exposed,21,0,5,x,no Plasmodium,,100,No Cq,No Cq,67.5,0,No Cq,No Cq,65,0
r07_CI210_05.7.x,7,An. coluzzii,Exposed,21,0,5,x,no Plasmodium,279.0,100,34.85,4.04,73,1,36.54,1.54,72.5,1
r07_CI210_05.8.x,7,An. coluzzii,Exposed,21,0,5,x,no Plasmodium,482.5,100,34.13,6.09,72.5,1,35.08,3.56,72.5,1
r07_CI210_05.9.x,7,An. coluzzii,Exposed,21,0,5,x,no Plasmodium,65.45,100,34.52,0.745,73.5,1,35.02,0.564,73.5,1
r07_CI210_05.10.x,7,An. coluzzii,Exposed,21,0,5,x,no Plasmodium,,100,38.84,0.0658,67,0,38.5,0.0798,65,0
r07_CI210_05.11.x,7,An. coluzzii,Exposed,21,0,5,x,no Plasmodium,,100,No Cq,No Cq,65,0,No Cq,No Cq,65,0
r07_CI210_05.12.x,7,An. coluzzii,Exposed,21,0,5,x,no Plasmodium,,100,No Cq,No Cq,65,0,No Cq,No Cq,95,0
r07_CI210_05.13.x,7,An. coluzzii,Exposed,21,0,5,x,no Plasmodium,46.75,100,35.24,0.497,73.5,1,35.47,0.438,73.5,1
r07_CI210_05.14.x,7,An. coluzzii,Exposed,21,0,5,x,no Plasmodium,,100,No Cq,No Cq,65,0,No Cq,No Cq,65,0
r07_CI210_05.15.x,7,An. coluzzii,Exposed,21,0,5,x,no Plasmodium,,100,No Cq,No Cq,65,0,No Cq,No Cq,65,0
r07_CI210_05.16.x,7,An. coluzzii,Exposed,21,0,5,x,no Plasmodium,149.5,100,32.95,1.8,73,1,33.69,1.19,73,1
r07_CI210_05.17.x,7,An. coluzzii,Exposed,21,0,5,x,no Plasmodium,,100,39.09,0.0571,72.5,0,No Cq,No Cq,67,0
r07_CI210_05.18.x,7,An. coluzzii,Exposed,21,0,5,x,no Plasmodium,,100,No Cq,No Cq,65,0,No Cq,No Cq,69.5,0
r07_CI210_05.19.x,7,An. coluzzii,Exposed,21,0,5,x,no Plasmodium,,100,No Cq,No Cq,65,0,No Cq,No Cq,65,0
r07_CI210_05.20.x,7,An. coluzzii,Exposed,21,0,5,x,no Plasmodium,115.64999999999999,100,34.78,0.643,73,1,33.09,1.67,73.5,1
r07_CI210_05.21.x,7,An. coluzzii,Exposed,21,0,5,x,no Plasmodium,,100,No Cq,No Cq,65,0,No Cq,No Cq,67,0
r07_CI210_05.22.x,7,An. coluzzii,Exposed,21,0,5,x,no Plasmodium,,100,No Cq,No Cq,65,0,No Cq,No Cq,65,0
r07_CI210_05.23.x,7,An. coluzzii,Exposed,21,0,5,x,no Plasmodium,,100,No Cq,No Cq,67.5,0,No Cq,No Cq,65,0
r07_CI210_05.24.x,7,An. coluzzii,Exposed,21,0,5,x,no Plasmodium,,100,No Cq,No Cq,74.5,0,No Cq,No Cq,65,0
r07_CI210_05.25.x,7,An. coluzzii,Exposed,21,0,5,x,no Plasmodium,,100,No Cq,No Cq,65,0,No Cq,No Cq,65,0
r07_CI210_06.1.x,7,An. coluzzii,Exposed,21,0,6,x,no Plasmodium,,100,No Cq,No Cq,65,0,No Cq,No Cq,65,0
r07_CI210_06.2.x,7,An. coluzzii,Exposed,21,0,6,x,no Plasmodium,,100,No Cq,No Cq,68,0,No Cq,No Cq,68.5,0
r07_CI210_06.3.x,7,An. coluzzii,Exposed,21,0,6,x,no Plasmodium,,100,No Cq,No Cq,95,0,No Cq,No Cq,65,0
r07_CI210_06.4.x,7,An. coluzzii,Exposed,21,0,6,x,no Plasmodium,,100,No Cq,No Cq,67.5,0,No Cq,No Cq,65,0
r07_CI210_06.5.x,7,An. coluzzii,Exposed,21,0,6,x,no Plasmodium,,100,No Cq,No Cq,67,0,No Cq,No Cq,67,0
r07_CI210_06.6.x,7,An. coluzzii,Exposed,21,0,6,x,no Plasmodium,,100,No Cq,No Cq,71.5,0,No Cq,No Cq,67,0
r07_CI210_06.7.x,7,An. coluzzii,Exposed,21,0,6,x,no Plasmodium,,100,No Cq,No Cq,65,0,No Cq,No Cq,72.5,0
r07_CI210_06.8.x,7,An. coluzzii,Exposed,21,0,6,x,no Plasmodium,,100,No Cq,No Cq,71,0,No Cq,No Cq,67.5,0
r07_CI210_06.9.x,7,An. coluzzii,Exposed,21,0,6,x,no Plasmodium,,100,No Cq,No Cq,67.5,0,No Cq,No Cq,65,0
r07_CI210_06.10.x,7,An. coluzzii,Exposed,21,0,6,x,no Plasmodium,,100,No Cq,No Cq,95,0,No Cq,No Cq,67,0
r07_CI210_06.11.x,7,An. coluzzii,Exposed,21,0,6,x,no Plasmodium,,100,No Cq,No Cq,68,0,No Cq,No Cq,65,0
r07_CI210_06.12.x,7,An. coluzzii,Exposed,21,0,6,x,no Plasmodium,,100,No Cq,No Cq,65,0,No Cq,No Cq,65,0
r07_CI210_07.1.x,7,An. coluzzii,Exposed,21,0,7,x,no Plasmodium,,100,No Cq,No Cq,65,0,No Cq,No Cq,95,0
r07_CI210_07.2.x,7,An. coluzzii,Exposed,21,0,7,x,no Plasmodium,,100,No Cq,No Cq,65,0,No Cq,No Cq,65,0
r07_CI210_07.3.x,7,An. coluzzii,Exposed,21,0,7,x,no Plasmodium,,100,No Cq,No Cq,95,0,No Cq,No Cq,65,0
r07_CI210_07.4.x,7,An. coluzzii,Exposed,21,0,7,x,no Plasmodium,,100,No Cq,No Cq,95,0,No Cq,No Cq,65,0
r07_CI210_07.5.x,7,An. coluzzii,Exposed,21,0,7,x,no Plasmodium,,100,No Cq,No Cq,65,0,No Cq,No Cq,69.5,0
r07_CI210_07.6.x,7,An. coluzzii,Exposed,21,0,7,x,no Plasmodium,,100,No Cq,No Cq,73.5,0,No Cq,No Cq,74,0
r07_CI210_07.7.x,7,An. coluzzii,Exposed,21,0,7,x,with Plasmodium,25.75,100,36.39,0.26,73,1,36.43,0.255,72.5,1
r07_CI210_08.1.x,7,An. coluzzii,Exposed,21,0,8,x,no Plasmodium,,100,No Cq,No Cq,68.5,0,No Cq,No Cq,65,0
r07_CI210_08.2.x,7,An. coluzzii,Exposed,21,0,8,x,no Plasmodium,,100,No Cq,No Cq,95,0,No Cq,No Cq,65,0
r07_CI210_08.3.x,7,An. coluzzii,Exposed,21,0,8,x,no Plasmodium,,100,No Cq,No Cq,69.5,0,No Cq,No Cq,72,0
r07_CI210_08.4.x,7,An. coluzzii,Exposed,21,0,8,x,no Plasmodium,,100,No Cq,No Cq,68.5,0,No Cq,No Cq,68,0
r07_CI210_08.5.x,7,An. coluzzii,Exposed,21,0,8,x,no Plasmodium,,100,No Cq,No Cq,95,0,No Cq,No Cq,95,0
r07_CI210_08.6.x,7,An. coluzzii,Exposed,21,0,8,x,no Plasmodium,,100,No Cq,No Cq,68,0,No Cq,No Cq,74,0
r07_CI210_09.1.x,7,An. coluzzii,Exposed,21,0,9,x,no Plasmodium,,100,No Cq,No Cq,95,0,No Cq,No Cq,95,0
r07_CI210_09.2.x,7,An. coluzzii,Exposed,21,0,9,x,no Plasmodium,,100,No Cq,No Cq,95,0,No Cq,No Cq,65,0
r07_CI210_09.3.x,7,An. coluzzii,Exposed,21,0,9,x,no Plasmodium,,100,No Cq,No Cq,95,0,No Cq,No Cq,65,0
r07_CI210_09.4.x,7,An. coluzzii,Exposed,21,0,9,x,no Plasmodium,,100,No Cq,No Cq,67,0,No Cq,No Cq,65,0
r07_CI210_11.1.x,7,An. coluzzii,Exposed,21,0,11,x,no Plasmodium,,100,No Cq,No Cq,65,0,No Cq,No Cq,67,0
r07_CI210_11.2.x,7,An. coluzzii,Exposed,21,0,11,x,no Plasmodium,,100,No Cq,No Cq,65,0,No Cq,No Cq,95,0
r07_CI210_11.3.x,7,An. coluzzii,Exposed,21,0,11,x,no Plasmodium,,100,No Cq,No Cq,65,0,No Cq,No Cq,71,0
r07_CI210_11.4.x,7,An. coluzzii,Exposed,21,0,11,x,no Plasmodium,,100,No Cq,No Cq,65,0,No Cq,No Cq,67.5,0
r07_CI210_11.5.x,7,An. coluzzii,Exposed,21,0,11,x,no Plasmodium,,100,No Cq,No Cq,65,0,No Cq,No Cq,65,0
r07_CI210_11.6.x,7,An. coluzzii,Exposed,21,0,11,x,no Plasmodium,,100,No Cq,No Cq,65,0,No Cq,No Cq,67.5,0
r07_CI210_11.7.x,7,An. coluzzii,Exposed,21,0,11,x,no Plasmodium,,100,No Cq,No Cq,72,0,No Cq,No Cq,65,0
r07_CI210_11.8.x,7,An. coluzzii,Exposed,21,0,11,x,no Plasmodium,,100,No Cq,No Cq,67,0,No Cq,No Cq,67.5,0
r07_CI210_12.1.x,7,An. coluzzii,Exposed,21,0,12,x,no Plasmodium,,100,No Cq,No Cq,89.5,0,No Cq,No Cq,73,0
r07_CI210_12.2.x,7,An. coluzzii,Exposed,21,0,12,x,no Plasmodium,,100,No Cq,No Cq,65,0,No Cq,No Cq,67,0
r07_CI210_12.3.x,7,An. coluzzii,Exposed,21,0,12,x,no Plasmodium,,100,No Cq,No Cq,67,0,No Cq,No Cq,68.5,0
r07_CI210_12.4.x,7,An. coluzzii,Exposed,21,0,12,x,no Plasmodium,,100,No Cq,No Cq,65,0,No Cq,No Cq,73.5,0
r07_CI210_12.5.x,7,An. coluzzii,Exposed,21,0,12,x,no Plasmodium,,100,No Cq,No Cq,67.5,0,No Cq,No Cq,68,0
r07_CI210_12.6.x,7,An. coluzzii,Exposed,21,0,12,x,with Plasmodium,216.75,100,34.78,3.41,72.5,1,36.65,0.925,72.5,1
r07_CI210_12.7.x,7,An. coluzzii,Exposed,21,0,12,x,no Plasmodium,,100,No Cq,No Cq,71.5,0,No Cq,No Cq,65,0
r07_CI210_12.8.x,7,An. coluzzii,Exposed,21,0,12,x,no Plasmodium,,100,No Cq,No Cq,92,0,No Cq,No Cq,65,0
r07_CI210_12.9.x,7,An. coluzzii,Exposed,21,0,12,x,no Plasmodium,,100,No Cq,No Cq,69,0,No Cq,No Cq,65,0
r07_CI210_12.10.x,7,An. coluzzii,Exposed,21,0,12,x,no Plasmodium,,100,No Cq,No Cq,95,0,No Cq,No Cq,70.5,0
r07_CI210_12.11.x,7,An. coluzzii,Exposed,21,0,12,x,no Plasmodium,,100,No Cq,No Cq,95,0,No Cq,No Cq,65,0
r07_CI210_12.12.x,7,An. coluzzii,Exposed,21,0,12,x,no Plasmodium,,100,No Cq,No Cq,65,0,No Cq,No Cq,89,0
r07_CI210_12.13.x,7,An. coluzzii,Exposed,21,0,12,x,no Plasmodium,,100,No Cq,No Cq,73.5,0,No Cq,No Cq,67.5,0
r07_CI210_13.1.x,7,An. coluzzii,Exposed,21,0,13,x,no Plasmodium,,100,No Cq,No Cq,65,0,No Cq,No Cq,70,0
r07_CI210_13.2.x,7,An. coluzzii,Exposed,21,0,13,x,no Plasmodium,,100,No Cq,No Cq,68.5,0,No Cq,No Cq,72.5,0
r07_CI210_13.3.x,7,An. coluzzii,Exposed,21,0,13,x,no Plasmodium,,100,No Cq,No Cq,67,0,No Cq,No Cq,65,0
r07_CI210_13.4.x,7,An. coluzzii,Exposed,21,0,13,x,no Plasmodium,,100,No Cq,No Cq,68,0,No Cq,No Cq,67.5,0
r07_CI210_13.5.x,7,An. coluzzii,Exposed,21,0,13,x,no Plasmodium,,100,No Cq,No Cq,89,0,No Cq,No Cq,69,0
r07_CI210_13.6.x,7,An. coluzzii,Exposed,21,0,13,x,no Plasmodium,,100,No Cq,No Cq,65,0,No Cq,No Cq,65,0
r07_CI210_14.1.x,7,An. coluzzii,Exposed,21,0,14,x,no Plasmodium,,100,No Cq,No Cq,67.5,0,No Cq,No Cq,65,0
r07_CI210_14.2.x,7,An. coluzzii,Exposed,21,0,14,x,no Plasmodium,,100,No Cq,No Cq,71.5,0,No Cq,No Cq,65,0
r07_CI210_14.3.x,7,An. coluzzii,Exposed,21,0,14,x,no Plasmodium,,100,No Cq,No Cq,68.5,0,No Cq,No Cq,68.5,0
r07_CI210_15.1.x,7,An. coluzzii,Exposed,21,0,15,x,no Plasmodium,,100,No Cq,No Cq,95,0,No Cq,No Cq,65,0
r07_CI210_16.1.x,7,An. coluzzii,Exposed,21,0,16,x,no Plasmodium,,100,No Cq,No Cq,65,0,No Cq,No Cq,65,0
r07_CI210_16.2.x,7,An. coluzzii,Exposed,21,0,16,x,no Plasmodium,,100,No Cq,No Cq,90.5,0,No Cq,No Cq,65,0
r07_CI210_17.1.x,7,An. coluzzii,Exposed,21,0,17,x,no Plasmodium,,100,No Cq,No Cq,65,0,No Cq,No Cq,71.5,0
r07_CI210_17.2.x,7,An. coluzzii,Exposed,21,0,17,x,no Plasmodium,,100,No Cq,No Cq,69.5,0,No Cq,No Cq,68,0
r07_CI210_18.1.x,7,An. coluzzii,Exposed,21,0,18,x,no Plasmodium,,100,No Cq,No Cq,65,0,No Cq,No Cq,73,0
r07_CI210_18.2.x,7,An. coluzzii,Exposed,21,0,18,x,no Plasmodium,,100,No Cq,No Cq,74.5,0,No Cq,No Cq,86.5,0
r07_CI210_03.1.0,7,An. coluzzii,Exposed,21,0,3,0,no Plasmodium,,100,No Cq,No Cq,72.5,0,No Cq,No Cq,65,0
r07_CI210_03.2.0,7,An. coluzzii,Exposed,21,0,3,0,no Plasmodium,,100,No Cq,No Cq,65,0,38.6,0.0237,73.5,0
r07_CI210_03.3.0,7,An. coluzzii,Exposed,21,0,3,0,no Plasmodium,,100,No Cq,No Cq,65,0,No Cq,No Cq,65,0
r07_CI210_03.4.0,7,An. coluzzii,Exposed,21,0,3,0,no Plasmodium,,100,No Cq,No Cq,65,0,39.46,0.0123,65,0
r07_CI210_03.5.0,7,An. coluzzii,Exposed,21,0,3,0,no Plasmodium,,100,No Cq,No Cq,65,0,No Cq,No Cq,65,0
r07_CI210_03.6.0,7,An. coluzzii,Exposed,21,0,3,0,no Plasmodium,,100,No Cq,No Cq,65,0,No Cq,No Cq,65,0
r07_CI210_06.1.0,7,An. coluzzii,Exposed,21,0,6,0,no Plasmodium,,100,No Cq,No Cq,65,0,39.19,0.015,95,0
r07_CI210_06.2.0,7,An. coluzzii,Exposed,21,0,6,0,no Plasmodium,,100,No Cq,No Cq,72.5,0,No Cq,No Cq,68,0
r07_CI210_06.3.0,7,An. coluzzii,Exposed,21,0,6,0,no Plasmodium,,100,No Cq,No Cq,68,0,No Cq,No Cq,95,0
r07_CI210_06.4.0,7,An. coluzzii,Exposed,21,0,6,0,no Plasmodium,,100,No Cq,No Cq,71.5,0,No Cq,No Cq,65,0
r07_CI210_06.5.0,7,An. coluzzii,Exposed,21,0,6,0,no Plasmodium,,100,No Cq,No Cq,67,0,No Cq,No Cq,68.5,0
r07_CI210_06.6.0,7,An. coluzzii,Exposed,21,0,6,0,no Plasmodium,,100,No Cq,No Cq,65,0,No Cq,No Cq,65,0
r07_CI210_09.1.0,7,An. coluzzii,Exposed,21,0,9,0,no Plasmodium,,100,No Cq,No Cq,65,0,No Cq,No Cq,65,0
r07_CI210_09.2.0,7,An. coluzzii,Exposed,21,0,9,0,no Plasmodium,,100,No Cq,No Cq,65,0,No Cq,No Cq,65,0
r07_CI210_09.3.0,7,An. coluzzii,Exposed,21,0,9,0,no Plasmodium,,100,No Cq,No Cq,67,0,No Cq,No Cq,65,0
r07_CI210_09.4.0,7,An. coluzzii,Exposed,21,0,9,0,no Plasmodium,,100,No Cq,No Cq,65,0,No Cq,No Cq,65,0
r07_CI210_09.5.0,7,An. coluzzii,Exposed,21,0,9,0,no Plasmodium,,100,No Cq,No Cq,70.5,0,No Cq,No Cq,65,0
r07_CI210_09.6.0,7,An. coluzzii,Exposed,21,0,9,0,no Plasmodium,,100,No Cq,No Cq,65,0,No Cq,No Cq,69,0
r07_CI210_21.1.0,7,An. coluzzii,Exposed,21,0,21,0,with Plasmodium,340.00000000000006,100,33.1,1.56,72.5,1,31.51,5.24,72.5,1
r07_CI210_21.2.0,7,An. coluzzii,Exposed,21,0,21,0,no Plasmodium,,100,No Cq,No Cq,72.5,0,39.63,0.0108,70.5,0
r07_CI210_21.3.0,7,An. coluzzii,Exposed,21,0,21,0,no Plasmodium,,100,No Cq,No Cq,69.5,0,No Cq,No Cq,72.5,0
r07_CI210_21.4.0,7,An. coluzzii,Exposed,21,0,21,0,no Plasmodium,,100,No Cq,No Cq,65,0,No Cq,No Cq,65,0
r07_CI210_21.5.0,7,An. coluzzii,Exposed,21,0,21,0,no Plasmodium,,100,No Cq,No Cq,65,0,No Cq,No Cq,67,0
r07_KI210_03.1.0,7,An. gambiae,Exposed,21,0,3,0,no Plasmodium,,100,No Cq,No Cq,69,0,No Cq,No Cq,65,0
r07_KI210_03.2.0,7,An. gambiae,Exposed,21,0,3,0,no Plasmodium,,100,No Cq,No Cq,88.5,0,No Cq,No Cq,90.5,0
r07_KI210_03.3.0,7,An. gambiae,Exposed,21,0,3,0,no Plasmodium,,100,No Cq,No Cq,65,0,No Cq,No Cq,68.5,0
r07_KI210_03.4.0,7,An. gambiae,Exposed,21,0,3,0,no Plasmodium,,100,No Cq,No Cq,65,0,No Cq,No Cq,71,0
r07_KI210_03.5.0,7,An. gambiae,Exposed,21,0,3,0,no Plasmodium,,100,No Cq,No Cq,69,0,No Cq,No Cq,73,0
r07_KI210_03.6.0,7,An. gambiae,Exposed,21,0,3,0,no Plasmodium,,100,No Cq,No Cq,75,0,No Cq,No Cq,71,0
r07_KI210_06.1.0,7,An. gambiae,Exposed,21,0,6,0,no Plasmodium,,100,No Cq,No Cq,65,0,No Cq,No Cq,65,0
r07_KI210_06.2.0,7,An. gambiae,Exposed,21,0,6,0,no Plasmodium,,100,No Cq,No Cq,69,0,No Cq,No Cq,65,0
r07_KI210_06.3.0,7,An. gambiae,Exposed,21,0,6,0,no Plasmodium,,100,No Cq,No Cq,70,0,39.14,0.0157,74,0
r07_KI210_06.4.0,7,An. gambiae,Exposed,21,0,6,0,no Plasmodium,,100,No Cq,No Cq,65,0,No Cq,No Cq,65,0
r07_KI210_06.5.0,7,An. gambiae,Exposed,21,0,6,0,no Plasmodium,,100,No Cq,No Cq,65,0,No Cq,No Cq,72.5,0
r07_KI210_06.6.0,7,An. gambiae,Exposed,21,0,6,0,no Plasmodium,,100,No Cq,No Cq,67,0,No Cq,No Cq,65,0
r07_KI210_09.1.0,7,An. gambiae,Exposed,21,0,9,0,no Plasmodium,,100,No Cq,No Cq,76.5,0,No Cq,No Cq,72.5,0
r07_KI210_09.2.0,7,An. gambiae,Exposed,21,0,9,0,no Plasmodium,,100,No Cq,No Cq,87.5,0,No Cq,No Cq,76.5,0
r07_KI210_09.3.0,7,An. gambiae,Exposed,21,0,9,0,no Plasmodium,,100,No Cq,No Cq,86,0,No Cq,No Cq,95,0
r07_KI210_09.4.0,7,An. gambiae,Exposed,21,0,9,0,no Plasmodium,,100,No Cq,No Cq,65,0,No Cq,No Cq,72,0
r07_KI210_09.5.0,7,An. gambiae,Exposed,21,0,9,0,no Plasmodium,,100,No Cq,No Cq,71.5,0,No Cq,No Cq,65,0
r07_KI210_09.6.0,7,An. gambiae,Exposed,21,0,9,0,no Plasmodium,,100,No Cq,No Cq,65,0,No Cq,No Cq,65,0
r07_KI210_21.1.0,7,An. gambiae,Exposed,21,0,21,0,with Plasmodium,283.0,100,32.2,3.1,72.5,1,32.45,2.56,73,1
r07_KI210_21.2.0,7,An. gambiae,Exposed,21,0,21,0,with Plasmodium,21.05,100,36.54,0.114,72.5,1,35.24,0.307,73,1
r07_KI210_21.3.0,7,An. gambiae,Exposed,21,0,21,0,no Plasmodium,,100,No Cq,No Cq,95,0,No Cq,No Cq,65,0
r07_KI210_21.4.0,7,An. gambiae,Exposed,21,0,21,0,no Plasmodium,,100,No Cq,No Cq,65,0,No Cq,No Cq,69,0
r07_KI210_21.5.0,7,An. gambiae,Exposed,21,0,21,0,no Plasmodium,,100,No Cq,No Cq,65,0,No Cq,No Cq,65,0
r07_KI210_21.6.0,7,An. gambiae,Exposed,21,0,21,0,with Plasmodium,4025.0,100,30.37,40,73.5,1,30.36,40.5,73.5,1
r07_KI210_25.1.0,7,An. gambiae,Exposed,21,0,25,0,with Plasmodium,32000.0,100,27.17,515,73.5,1,28.95,125,73.5,1
r07_KI210_25.2.0,7,An. gambiae,Exposed,21,0,25,0,no Plasmodium,,100,No Cq,No Cq,65,0,No Cq,No Cq,95,0
r07_KI210_25.3.0,7,An. gambiae,Exposed,21,0,25,0,with Plasmodium,11690.0,100,29.77,64.8,73.5,1,28.57,169,71.5,1
r07_KI210_25.4.0,7,An. gambiae,Exposed,21,0,25,0,no Plasmodium,,100,No Cq,No Cq,65,0,No Cq,No Cq,67.5,0
r07_KI210_25.5.0,7,An. gambiae,Exposed,21,0,25,0,no Plasmodium,,100,No Cq,No Cq,65,0,No Cq,No Cq,95,0
r07_KI210_25.6.0,7,An. gambiae,Exposed,21,0,25,0,no Plasmodium,,100,No Cq,No Cq,68.5,0,No Cq,No Cq,65,0
r07_KI210_27.1.0,7,An. gambiae,Exposed,21,0,27,0,with Plasmodium,76.2,100,35.39,0.733,73,1,35.29,0.791,73.5,1
r07_KI210_27.2.0,7,An. gambiae,Exposed,21,0,27,0,with Plasmodium,1672.5000000000002,100,32.22,9.15,73,1,31,24.3,73,1
r07_KI210_27.3.0,7,An. gambiae,Exposed,21,0,27,0,no Plasmodium,,100,No Cq,No Cq,95,0,No Cq,No Cq,95,0
r09_CI276_03.1.x,9,An. coluzzii,Exposed,27,6,3,x,no Plasmodium,,100,No Cq,No Cq,95,0,No Cq,No Cq,65,0
r09_CI276_03.2.x,9,An. coluzzii,Exposed,27,6,3,x,no Plasmodium,,100,No Cq,No Cq,95,0,No Cq,No Cq,95,0
r09_CI276_03.3.x,9,An. coluzzii,Exposed,27,6,3,x,no Plasmodium,,100,38.73,0.0509,74.5,0,No Cq,No Cq,65,0
r09_CI276_03.4.x,9,An. coluzzii,Exposed,27,6,3,x,no Plasmodium,,100,No Cq,No Cq,65,0,No Cq,No Cq,65,0
r09_CI276_03.5.x,9,An. coluzzii,Exposed,27,6,3,x,no Plasmodium,,100,No Cq,No Cq,65,0,No Cq,No Cq,95,0
r09_CI276_03.6.x,9,An. coluzzii,Exposed,27,6,3,x,no Plasmodium,,100,No Cq,No Cq,68.5,0,No Cq,No Cq,91,0
r09_CI276_03.7.x,9,An. coluzzii,Exposed,27,6,3,x,no Plasmodium,,100,No Cq,No Cq,65,0,No Cq,No Cq,91,0
r09_CI276_03.8.x,9,An. coluzzii,Exposed,27,6,3,x,no Plasmodium,,100,No Cq,No Cq,95,0,No Cq,No Cq,88.5,0
r09_CI276_03.9.x,9,An. coluzzii,Exposed,27,6,3,x,no Plasmodium,,100,No Cq,No Cq,88.5,0,No Cq,No Cq,65,0
r09_CI276_03.10.x,9,An. coluzzii,Exposed,27,6,3,x,no Plasmodium,,100,No Cq,No Cq,75.5,0,No Cq,No Cq,95,0
r09_CI276_03.11.x,9,An. coluzzii,Exposed,27,6,3,x,no Plasmodium,,100,No Cq,No Cq,89.5,0,No Cq,No Cq,88.5,0
r09_CI276_04.1.x,9,An. coluzzii,Exposed,27,6,4,x,no Plasmodium,,100,No Cq,No Cq,70,0,No Cq,No Cq,95,0
r09_CI276_04.2.x,9,An. coluzzii,Exposed,27,6,4,x,no Plasmodium,,100,No Cq,No Cq,95,0,No Cq,No Cq,95,0
r09_CI276_04.3.x,9,An. coluzzii,Exposed,27,6,4,x,no Plasmodium,,100,No Cq,No Cq,95,0,No Cq,No Cq,74,0
r09_CI276_04.4.x,9,An. coluzzii,Exposed,27,6,4,x,no Plasmodium,,100,No Cq,No Cq,88.5,0,No Cq,No Cq,95,0
r09_CI276_04.5.x,9,An. coluzzii,Exposed,27,6,4,x,no Plasmodium,,100,No Cq,No Cq,65,0,No Cq,No Cq,69,0
r09_CI276_04.6.x,9,An. coluzzii,Exposed,27,6,4,x,no Plasmodium,,100,No Cq,No Cq,95,0,No Cq,No Cq,87.5,0
r09_CI276_04.7.x,9,An. coluzzii,Exposed,27,6,4,x,no Plasmodium,,100,No Cq,No Cq,95,0,No Cq,No Cq,89.5,0
r09_CI276_04.8.x,9,An. coluzzii,Exposed,27,6,4,x,no Plasmodium,,100,No Cq,No Cq,71,0,No Cq,No Cq,75,0
r09_CI276_04.9.x,9,An. coluzzii,Exposed,27,6,4,x,no Plasmodium,,100,No Cq,No Cq,95,0,No Cq,No Cq,95,0
r09_CI276_04.10.x,9,An. coluzzii,Exposed,27,6,4,x,no Plasmodium,,100,No Cq,No Cq,95,0,No Cq,No Cq,95,0
r09_CI276_04.11.x,9,An. coluzzii,Exposed,27,6,4,x,no Plasmodium,,100,No Cq,No Cq,65,0,No Cq,No Cq,65,0
r09_CI276_04.12.x,9,An. coluzzii,Exposed,27,6,4,x,no Plasmodium,,100,No Cq,No Cq,88,0,No Cq,No Cq,90,0
r09_CI276_04.13.x,9,An. coluzzii,Exposed,27,6,4,x,no Plasmodium,,100,No Cq,No Cq,95,0,No Cq,No Cq,95,0
r09_CI276_05.1.x,9,An. coluzzii,Exposed,27,6,5,x,no Plasmodium,,100,No Cq,No Cq,87.5,0,No Cq,No Cq,95,0
r09_CI276_05.2.x,9,An. coluzzii,Exposed,27,6,5,x,no Plasmodium,,100,No Cq,No Cq,87.5,0,No Cq,No Cq,87,0
r09_CI276_05.3.x,9,An. coluzzii,Exposed,27,6,5,x,no Plasmodium,,100,No Cq,No Cq,95,0,No Cq,No Cq,95,0
r09_CI276_05.4.x,9,An. coluzzii,Exposed,27,6,5,x,no Plasmodium,,100,No Cq,No Cq,65,0,No Cq,No Cq,89,0
r09_CI276_05.5.x,9,An. coluzzii,Exposed,27,6,5,x,no Plasmodium,,100,No Cq,No Cq,95,0,No Cq,No Cq,95,0
r09_CI276_05.6.x,9,An. coluzzii,Exposed,27,6,5,x,no Plasmodium,,100,No Cq,No Cq,67.5,0,No Cq,No Cq,67,0
r09_CI276_05.7.x,9,An. coluzzii,Exposed,27,6,5,x,no Plasmodium,,100,No Cq,No Cq,65,0,No Cq,No Cq,65,0
r09_CI276_05.8.x,9,An. coluzzii,Exposed,27,6,5,x,no Plasmodium,,100,No Cq,No Cq,65,0,No Cq,No Cq,65,0
r09_CI276_05.9.x,9,An. coluzzii,Exposed,27,6,5,x,no Plasmodium,,100,No Cq,No Cq,67,0,No Cq,No Cq,65,0
r09_CI276_05.10.x,9,An. coluzzii,Exposed,27,6,5,x,no Plasmodium,,100,No Cq,No Cq,65,0,No Cq,No Cq,65,0
r09_CI276_05.11.x,9,An. coluzzii,Exposed,27,6,5,x,no Plasmodium,128.7,100,35.62,1.58,73.5,1,36.5,0.994,73.5,1
r09_CI276_05.12.x,9,An. coluzzii,Exposed,27,6,5,x,no Plasmodium,,100,No Cq,No Cq,65,0,No Cq,No Cq,65,0
r09_CI276_05.13.x,9,An. coluzzii,Exposed,27,6,5,x,no Plasmodium,,100,No Cq,No Cq,65,0,No Cq,No Cq,65,0
r09_CI276_05.14.x,9,An. coluzzii,Exposed,27,6,5,x,no Plasmodium,,100,No Cq,No Cq,65,0,No Cq,No Cq,65,0
r09_CI276_05.15.x,9,An. coluzzii,Exposed,27,6,5,x,no Plasmodium,,100,No Cq,No Cq,65,0,No Cq,No Cq,71.5,0
r09_CI276_05.16.x,9,An. coluzzii,Exposed,27,6,5,x,no Plasmodium,,100,No Cq,No Cq,65,0,No Cq,No Cq,67.5,0
r09_CI276_06.1.x,9,An. coluzzii,Exposed,27,6,6,x,no Plasmodium,,100,No Cq,No Cq,65,0,No Cq,No Cq,65,0
r09_CI276_06.2.x,9,An. coluzzii,Exposed,27,6,6,x,no Plasmodium,,100,No Cq,No Cq,68,0,No Cq,No Cq,65,0
r09_CI276_06.3.x,9,An. coluzzii,Exposed,27,6,6,x,no Plasmodium,,100,No Cq,No Cq,67.5,0,No Cq,No Cq,72.5,0
r09_CI276_06.4.x,9,An. coluzzii,Exposed,27,6,6,x,no Plasmodium,,100,No Cq,No Cq,67,0,No Cq,No Cq,68.5,0
r09_CI276_06.5.x,9,An. coluzzii,Exposed,27,6,6,x,no Plasmodium,,100,No Cq,No Cq,67.5,0,No Cq,No Cq,71.5,0
r09_CI276_06.6.x,9,An. coluzzii,Exposed,27,6,6,x,no Plasmodium,,100,No Cq,No Cq,65,0,No Cq,No Cq,65,0
r09_CI276_06.7.x,9,An. coluzzii,Exposed,27,6,6,x,no Plasmodium,,100,No Cq,No Cq,77,0,No Cq,No Cq,72.5,0
r09_CI276_06.8.x,9,An. coluzzii,Exposed,27,6,6,x,no Plasmodium,,100,No Cq,No Cq,69.5,0,No Cq,No Cq,69.5,0
r09_CI276_06.9.x,9,An. coluzzii,Exposed,27,6,6,x,no Plasmodium,,100,No Cq,No Cq,65,0,No Cq,No Cq,68,0
r09_CI276_07.1.x,9,An. coluzzii,Exposed,27,6,7,x,no Plasmodium,,100,No Cq,No Cq,72.5,0,No Cq,No Cq,95,0
r09_CI276_07.2.x,9,An. coluzzii,Exposed,27,6,7,x,no Plasmodium,,100,No Cq,No Cq,65,0,No Cq,No Cq,87,0
r09_CI276_07.3.x,9,An. coluzzii,Exposed,27,6,7,x,no Plasmodium,,100,No Cq,No Cq,65,0,No Cq,No Cq,72.5,0
r09_CI276_07.4.x,9,An. coluzzii,Exposed,27,6,7,x,no Plasmodium,,100,No Cq,No Cq,71,0,No Cq,No Cq,88.5,0
r09_CI276_07.5.x,9,An. coluzzii,Exposed,27,6,7,x,no Plasmodium,,100,No Cq,No Cq,68,0,No Cq,No Cq,68,0
r09_CI276_08.1.x,9,An. coluzzii,Exposed,27,6,8,x,no Plasmodium,,100,No Cq,No Cq,95,0,No Cq,No Cq,67.5,0
r09_CI276_08.2.x,9,An. coluzzii,Exposed,27,6,8,x,no Plasmodium,,100,No Cq,No Cq,95,0,No Cq,No Cq,68,0
r09_CI276_08.3.x,9,An. coluzzii,Exposed,27,6,8,x,no Plasmodium,,100,No Cq,No Cq,95,0,No Cq,No Cq,95,0
r09_CI276_08.4.x,9,An. coluzzii,Exposed,27,6,8,x,no Plasmodium,,100,No Cq,No Cq,68,0,No Cq,No Cq,69,0
r09_CI276_08.5.x,9,An. coluzzii,Exposed,27,6,8,x,no Plasmodium,,100,No Cq,No Cq,95,0,No Cq,No Cq,67.5,0
r09_CI276_08.6.x,9,An. coluzzii,Exposed,27,6,8,x,no Plasmodium,,100,No Cq,No Cq,65,0,No Cq,No Cq,65,0
r09_CI276_08.7.x,9,An. coluzzii,Exposed,27,6,8,x,no Plasmodium,,100,No Cq,No Cq,65,0,No Cq,No Cq,65,0
r09_CI276_08.8.x,9,An. coluzzii,Exposed,27,6,8,x,no Plasmodium,,100,No Cq,No Cq,65,0,No Cq,No Cq,65,0
r09_CI276_08.9.x,9,An. coluzzii,Exposed,27,6,8,x,no Plasmodium,,100,No Cq,No Cq,87.5,0,No Cq,No Cq,65,0
r09_CI276_08.10.x,9,An. coluzzii,Exposed,27,6,8,x,no Plasmodium,,100,No Cq,No Cq,70,0,No Cq,No Cq,65,0
r09_CI276_08.11.x,9,An. coluzzii,Exposed,27,6,8,x,no Plasmodium,,100,No Cq,No Cq,95,0,No Cq,No Cq,69,0
r09_CI276_09.1.x,9,An. coluzzii,Exposed,27,6,9,x,no Plasmodium,,100,No Cq,No Cq,65,0,No Cq,No Cq,68.5,0
r09_CI276_09.2.x,9,An. coluzzii,Exposed,27,6,9,x,no Plasmodium,,100,No Cq,No Cq,65,0,No Cq,No Cq,73.5,0
r09_CI276_10.1.x,9,An. coluzzii,Exposed,27,6,10,x,no Plasmodium,,100,No Cq,No Cq,69,0,No Cq,No Cq,65,0
r09_CI276_10.2.x,9,An. coluzzii,Exposed,27,6,10,x,no Plasmodium,,100,No Cq,No Cq,65,0,No Cq,No Cq,95,0
r09_CI276_11.1.x,9,An. coluzzii,Exposed,27,6,11,x,no Plasmodium,,100,No Cq,No Cq,65,0,No Cq,No Cq,65,0
r09_CI276_11.2.x,9,An. coluzzii,Exposed,27,6,11,x,no Plasmodium,,100,No Cq,No Cq,68,0,No Cq,No Cq,65,0
r09_CI276_11.3.x,9,An. coluzzii,Exposed,27,6,11,x,no Plasmodium,,100,37.76,0.0117,95,0,No Cq,No Cq,95,0
r09_CI276_11.4.x,9,An. coluzzii,Exposed,27,6,11,x,no Plasmodium,,100,No Cq,No Cq,65,0,38.41,0.00786,65,0
r09_CI276_11.5.x,9,An. coluzzii,Exposed,27,6,11,x,no Plasmodium,,100,36.38,0.0273,65,0,36.09,0.0326,95,0
r09_CI276_12.1.x,9,An. coluzzii,Exposed,27,6,12,x,no Plasmodium,,100,39.64,0.00371,65,0,No Cq,No Cq,67.5,0
r09_CI276_12.2.x,9,An. coluzzii,Exposed,27,6,12,x,no Plasmodium,,100,34.4,0.0915,75,0,35.43,0.0487,75,0
r09_CI276_13.1.x,9,An. coluzzii,Exposed,27,6,13,x,no Plasmodium,,100,39.25,0.00469,68.5,0,No Cq,No Cq,95,0
r09_CI276_14.1.x,9,An. coluzzii,Exposed,27,6,14,x,no Plasmodium,,100,32.84,0.238,77.5,0,33.92,0.123,70.5,0
r09_KI276_03.1.x,9,An. gambiae,Exposed,27,6,3,x,no Plasmodium,,100,35.8,0.0389,74.5,0,37.53,0.0135,73,0
r09_KI276_03.2.x,9,An. gambiae,Exposed,27,6,3,x,no Plasmodium,,100,33.51,0.158,70.5,0,32.86,0.235,74.5,0
r09_KI276_03.3.x,9,An. gambiae,Exposed,27,6,3,x,no Plasmodium,,100,36.89,0.0199,65,0,No Cq,No Cq,67.5,0
r09_KI276_03.4.x,9,An. gambiae,Exposed,27,6,3,x,no Plasmodium,,100,35.11,0.0592,74.5,0,35.38,0.0504,74.5,0
r09_KI276_03.5.x,9,An. gambiae,Exposed,27,6,3,x,no Plasmodium,,100,34.84,0.0699,74.5,0,33.03,0.211,74.5,0
r09_KI276_04.1.x,9,An. gambiae,Exposed,27,6,4,x,no Plasmodium,,100,No Cq,No Cq,65,0,No Cq,No Cq,67.5,0
r09_KI276_04.2.x,9,An. gambiae,Exposed,27,6,4,x,no Plasmodium,,100,No Cq,No Cq,70,0,38.72,0.00653,68,0
r09_KI276_04.3.x,9,An. gambiae,Exposed,27,6,4,x,no Plasmodium,,100,No Cq,No Cq,68.5,0,No Cq,No Cq,67.5,0
r09_KI276_04.4.x,9,An. gambiae,Exposed,27,6,4,x,no Plasmodium,,100,No Cq,No Cq,68,0,No Cq,No Cq,67,0
r09_KI276_04.5.x,9,An. gambiae,Exposed,27,6,4,x,no Plasmodium,,100,No Cq,No Cq,68,0,No Cq,No Cq,65,0
r09_KI276_04.6.x,9,An. gambiae,Exposed,27,6,4,x,no Plasmodium,,100,No Cq,No Cq,65,0,No Cq,No Cq,67,0
r09_KI276_04.7.x,9,An. gambiae,Exposed,27,6,4,x,no Plasmodium,,100,38.72,0.00649,95,0,38.6,0.00701,73,0
r09_KI276_04.8.x,9,An. gambiae,Exposed,27,6,4,x,no Plasmodium,,100,No Cq,No Cq,95,0,39.87,0.00321,69,0
r09_KI276_04.9.x,9,An. gambiae,Exposed,27,6,4,x,no Plasmodium,,100,No Cq,No Cq,65,0,No Cq,No Cq,67,0
r09_KI276_04.10.x,9,An. gambiae,Exposed,27,6,4,x,no Plasmodium,,100,No Cq,No Cq,65,0,No Cq,No Cq,65,0
r09_KI276_04.11.x,9,An. gambiae,Exposed,27,6,4,x,no Plasmodium,,100,No Cq,No Cq,67.5,0,No Cq,No Cq,68.5,0
r09_KI276_04.12.x,9,An. gambiae,Exposed,27,6,4,x,no Plasmodium,,100,38.17,0.127,73,0,38.13,0.129,73,0
r09_KI276_04.13.x,9,An. gambiae,Exposed,27,6,4,x,no Plasmodium,,100,No Cq,No Cq,65,0,No Cq,No Cq,68,0
r09_KI276_05.1.x,9,An. gambiae,Exposed,27,6,5,x,no Plasmodium,,100,No Cq,No Cq,65,0,No Cq,No Cq,65,0
r09_KI276_05.2.x,9,An. gambiae,Exposed,27,6,5,x,no Plasmodium,,100,No Cq,No Cq,95,0,No Cq,No Cq,95,0
r09_KI276_05.3.x,9,An. gambiae,Exposed,27,6,5,x,no Plasmodium,,100,No Cq,No Cq,95,0,No Cq,No Cq,65,0
r09_KI276_05.4.x,9,An. gambiae,Exposed,27,6,5,x,no Plasmodium,,100,No Cq,No Cq,67.5,0,No Cq,No Cq,69,0
r09_KI276_05.5.x,9,An. gambiae,Exposed,27,6,5,x,no Plasmodium,,100,No Cq,No Cq,65,0,No Cq,No Cq,69.5,0
r09_KI276_05.6.x,9,An. gambiae,Exposed,27,6,5,x,no Plasmodium,,100,No Cq,No Cq,65,0,No Cq,No Cq,65,0
r09_KI276_05.7.x,9,An. gambiae,Exposed,27,6,5,x,no Plasmodium,,100,37.43,0.0143,73.5,0,37.53,0.0135,74,0
r09_KI276_05.8.x,9,An. gambiae,Exposed,27,6,5,x,no Plasmodium,,100,38.55,0.00723,73.5,0,No Cq,No Cq,67.5,0
r09_KI276_06.1.x,9,An. gambiae,Exposed,27,6,6,x,no Plasmodium,,100,No Cq,No Cq,72.5,0,No Cq,No Cq,68.5,0
r09_KI276_06.2.x,9,An. gambiae,Exposed,27,6,6,x,no Plasmodium,,100,No Cq,No Cq,68.5,0,37.88,0.0109,73,0
r09_KI276_06.3.x,9,An. gambiae,Exposed,27,6,6,x,no Plasmodium,,100,No Cq,No Cq,68,0,No Cq,No Cq,68,0
r09_KI276_06.4.x,9,An. gambiae,Exposed,27,6,6,x,no Plasmodium,,100,No Cq,No Cq,65,0,No Cq,No Cq,72.5,0
r09_KI276_06.5.x,9,An. gambiae,Exposed,27,6,6,x,no Plasmodium,,100,No Cq,No Cq,68,0,No Cq,No Cq,68,0
r09_KI276_06.6.x,9,An. gambiae,Exposed,27,6,6,x,no Plasmodium,,100,No Cq,No Cq,65,0,No Cq,No Cq,65,0
r09_KI276_06.7.x,9,An. gambiae,Exposed,27,6,6,x,no Plasmodium,,100,39.03,0.00539,95,0,No Cq,No Cq,67,0
r09_KI276_06.8.x,9,An. gambiae,Exposed,27,6,6,x,no Plasmodium,,100,No Cq,No Cq,67.5,0,No Cq,No Cq,73.5,0
r09_KI276_07.1.x,9,An. gambiae,Exposed,27,6,7,x,no Plasmodium,,100,No Cq,No Cq,65,0,No Cq,No Cq,95,0
r09_KI276_07.2.x,9,An. gambiae,Exposed,27,6,7,x,no Plasmodium,,100,No Cq,No Cq,65,0,No Cq,No Cq,65,0
r09_KI276_08.1.x,9,An. gambiae,Exposed,27,6,8,x,no Plasmodium,,100,No Cq,No Cq,65,0,No Cq,No Cq,65,0
r09_KI276_08.2.x,9,An. gambiae,Exposed,27,6,8,x,no Plasmodium,,100,No Cq,No Cq,65,0,No Cq,No Cq,65,0
r09_KI276_08.3.x,9,An. gambiae,Exposed,27,6,8,x,no Plasmodium,1.9349999999999998,100,35.79,0.0202,74,1,35.93,0.0185,65,1
r09_KI276_08.4.x,9,An. gambiae,Exposed,27,6,8,x,no Plasmodium,,100,39.92,0.0016,65,0,No Cq,No Cq,65,0
r09_KI276_08.5.x,9,An. gambiae,Exposed,27,6,8,x,no Plasmodium,,100,35.37,0.0261,72,0,36.43,0.0136,74,0
r09_KI276_08.6.x,9,An. gambiae,Exposed,27,6,8,x,no Plasmodium,,100,35.7,0.0213,65,0,No Cq,No Cq,65,0
r09_KI276_08.7.x,9,An. gambiae,Exposed,27,6,8,x,no Plasmodium,,100,No Cq,No Cq,65,0,No Cq,No Cq,65,0
r09_KI276_08.8.x,9,An. gambiae,Exposed,27,6,8,x,no Plasmodium,,100,36.72,0.0114,69,0,36.95,0.00989,74.5,0
r09_KI276_08.9.x,9,An. gambiae,Exposed,27,6,8,x,no Plasmodium,,100,No Cq,No Cq,65,0,No Cq,No Cq,65,0
r09_KI276_08.10.x,9,An. gambiae,Exposed,27,6,8,x,no Plasmodium,,100,No Cq,No Cq,68.5,0,No Cq,No Cq,68,0
r09_KI276_08.11.x,9,An. gambiae,Exposed,27,6,8,x,no Plasmodium,,100,36.31,0.0147,65,0,36.71,0.0115,75,0
r09_KI276_08.12.x,9,An. gambiae,Exposed,27,6,8,x,no Plasmodium,,100,No Cq,No Cq,65,0,No Cq,No Cq,65,0
r09_KI276_09.1.x,9,An. gambiae,Exposed,27,6,9,x,no Plasmodium,,100,No Cq,No Cq,67.5,0,No Cq,No Cq,95,0
r09_KI276_09.2.x,9,An. gambiae,Exposed,27,6,9,x,no Plasmodium,,100,No Cq,No Cq,95,0,37.94,0.00539,95,0
r09_KI276_09.3.x,9,An. gambiae,Exposed,27,6,9,x,no Plasmodium,,100,39.12,0.00263,65,0,No Cq,No Cq,65,0
r09_KI276_09.4.x,9,An. gambiae,Exposed,27,6,9,x,no Plasmodium,,100,No Cq,No Cq,65,0,No Cq,No Cq,65,0
r09_KI276_09.5.x,9,An. gambiae,Exposed,27,6,9,x,no Plasmodium,,100,37.85,0.0057,65,0,38.43,0.00401,74,0
r09_KI276_09.6.x,9,An. gambiae,Exposed,27,6,9,x,no Plasmodium,,100,No Cq,No Cq,65,0,No Cq,No Cq,65,0
r09_KI276_09.7.x,9,An. gambiae,Exposed,27,6,9,x,no Plasmodium,,100,No Cq,No Cq,95,0,No Cq,No Cq,65,0
r09_KI276_09.8.x,9,An. gambiae,Exposed,27,6,9,x,no Plasmodium,2.0900000000000003,100,35.98,0.018,74,1,35.52,0.0238,74,1
r09_KI276_09.9.x,9,An. gambiae,Exposed,27,6,9,x,no Plasmodium,,100,No Cq,No Cq,65,0,No Cq,No Cq,65,0
r09_KI276_09.10.x,9,An. gambiae,Exposed,27,6,9,x,no Plasmodium,,100,No Cq,No Cq,65,0,39.4,0.00221,74,0
r09_KI276_09.11.x,9,An. gambiae,Exposed,27,6,9,x,no Plasmodium,,100,No Cq,No Cq,65,0,No Cq,No Cq,65,0
r09_KI276_09.12.x,9,An. gambiae,Exposed,27,6,9,x,no Plasmodium,,100,No Cq,No Cq,65,0,No Cq,No Cq,68,0
r09_KI276_09.13.x,9,An. gambiae,Exposed,27,6,9,x,no Plasmodium,,100,No Cq,No Cq,95,0,36.82,0.0107,74,0
r09_KI276_09.14.x,9,An. gambiae,Exposed,27,6,9,x,no Plasmodium,,100,No Cq,No Cq,67.5,0,No Cq,No Cq,70.5,0
r09_KI276_09.15.x,9,An. gambiae,Exposed,27,6,9,x,no Plasmodium,,100,36.94,0.01,74,0,36.78,0.011,65,0
r09_KI276_09.16.x,9,An. gambiae,Exposed,27,6,9,x,no Plasmodium,0.859,100,37.14,0.00884,74,1,37.23,0.00834,74,1
r09_KI276_09.17.x,9,An. gambiae,Exposed,27,6,9,x,no Plasmodium,,100,No Cq,No Cq,65,0,No Cq,No Cq,65,0
r09_KI276_09.18.x,9,An. gambiae,Exposed,27,6,9,x,no Plasmodium,,100,37.08,0.22,73,0,No Cq,No Cq,67.5,0
r09_KI276_09.19.x,9,An. gambiae,Exposed,27,6,9,x,no Plasmodium,,100,No Cq,No Cq,65,0,No Cq,No Cq,65,0
r09_KI276_10.1.x,9,An. gambiae,Exposed,27,6,10,x,no Plasmodium,,100,No Cq,No Cq,95,0,No Cq,No Cq,65,0
r09_KI276_10.2.x,9,An. gambiae,Exposed,27,6,10,x,no Plasmodium,,100,39.16,0.023,65,0,No Cq,No Cq,65,0
r09_KI276_11.1.x,9,An. gambiae,Exposed,27,6,11,x,no Plasmodium,,100,No Cq,No Cq,65,0,No Cq,No Cq,65,0
r09_KI276_11.2.x,9,An. gambiae,Exposed,27,6,11,x,no Plasmodium,0.8005,100,38.43,0.00401,65,1,36.64,0.012,74.5,1
r09_KI276_11.3.x,9,An. gambiae,Exposed,27,6,11,x,no Plasmodium,,100,No Cq,No Cq,69,0,No Cq,No Cq,65,0
r09_KI276_11.4.x,9,An. gambiae,Exposed,27,6,11,x,no Plasmodium,,100,No Cq,No Cq,69,0,No Cq,No Cq,65,0
r09_KI276_11.5.x,9,An. gambiae,Exposed,27,6,11,x,no Plasmodium,,100,No Cq,No Cq,95,0,No Cq,No Cq,95,0
r09_KI276_11.6.x,9,An. gambiae,Exposed,27,6,11,x,no Plasmodium,,100,No Cq,No Cq,65,0,No Cq,No Cq,65,0
r09_KI276_11.7.x,9,An. gambiae,Exposed,27,6,11,x,no Plasmodium,,100,No Cq,No Cq,65,0,No Cq,No Cq,67.5,0
r09_KI276_11.8.x,9,An. gambiae,Exposed,27,6,11,x,no Plasmodium,,100,No Cq,No Cq,65,0,No Cq,No Cq,95,0
r09_KI276_11.9.x,9,An. gambiae,Exposed,27,6,11,x,no Plasmodium,,100,No Cq,No Cq,65,0,No Cq,No Cq,65,0
r09_KI276_11.10.x,9,An. gambiae,Exposed,27,6,11,x,no Plasmodium,,100,No Cq,No Cq,65,0,No Cq,No Cq,65,0
r09_KI276_11.11.x,9,An. gambiae,Exposed,27,6,11,x,no Plasmodium,,100,No Cq,No Cq,65,0,No Cq,No Cq,65,0
r09_KI276_11.12.x,9,An. gambiae,Exposed,27,6,11,x,no Plasmodium,,100,No Cq,No Cq,65,0,No Cq,No Cq,65,0
r09_KI276_12.1.x,9,An. gambiae,Exposed,27,6,12,x,no Plasmodium,,100,38.78,0.00941,65,0,No Cq,No Cq,65,0
r09_KI276_12.2.x,9,An. gambiae,Exposed,27,6,12,x,no Plasmodium,,100,No Cq,No Cq,65,0,No Cq,No Cq,65,0
r09_KI276_12.3.x,9,An. gambiae,Exposed,27,6,12,x,no Plasmodium,,100,39.47,0.00624,65,0,No Cq,No Cq,65,0
r09_KI276_13.1.x,9,An. gambiae,Exposed,27,6,13,x,no Plasmodium,,100,No Cq,No Cq,65,0,No Cq,No Cq,68.5,0
r09_KI276_13.2.x,9,An. gambiae,Exposed,27,6,13,x,no Plasmodium,,100,No Cq,No Cq,65,0,No Cq,No Cq,67,0
r09_KI276_13.3.x,9,An. gambiae,Exposed,27,6,13,x,no Plasmodium,,100,No Cq,No Cq,65,0,No Cq,No Cq,65,0
r09_KI276_14.1.x,9,An. gambiae,Exposed,27,6,14,x,no Plasmodium,,100,No Cq,No Cq,65,0,No Cq,No Cq,65,0
r09_KI276_16.1.x,9,An. gambiae,Exposed,27,6,16,x,no Plasmodium,,100,No Cq,No Cq,95,0,No Cq,No Cq,65,0
r09_KI276_17.1.x,9,An. gambiae,Exposed,27,6,17,x,no Plasmodium,,100,37.29,0.0229,65,0,No Cq,No Cq,95,0
r09_KI276_17.2.x,9,An. gambiae,Exposed,27,6,17,x,no Plasmodium,,100,No Cq,No Cq,65,0,37.48,0.0204,65,0
r09_KI276_17.3.x,9,An. gambiae,Exposed,27,6,17,x,with Plasmodium,39.65,100,33.2,0.261,74,1,32.01,0.532,74.5,1
r09_KI276_17.4.x,9,An. gambiae,Exposed,27,6,17,x,no Plasmodium,,100,37.97,0.0153,74.5,0,36.56,0.0352,65,0
r09_KI276_21.1.x,9,An. gambiae,Exposed,27,6,21,x,no Plasmodium,,100,37.56,0.0194,65,0,No Cq,No Cq,65,0
r09_CI270_03.1.x,9,An. coluzzii,Exposed,27,0,3,x,no Plasmodium,,100,No Cq,No Cq,65,0,No Cq,No Cq,65,0
r09_CI270_03.2.x,9,An. coluzzii,Exposed,27,0,3,x,no Plasmodium,,100,No Cq,No Cq,65,0,No Cq,No Cq,65,0
r09_CI270_03.3.x,9,An. coluzzii,Exposed,27,0,3,x,no Plasmodium,,100,No Cq,No Cq,65,0,No Cq,No Cq,68.5,0
r09_CI270_03.4.x,9,An. coluzzii,Exposed,27,0,3,x,no Plasmodium,,100,No Cq,No Cq,65,0,No Cq,No Cq,65,0
r09_CI270_03.5.x,9,An. coluzzii,Exposed,27,0,3,x,no Plasmodium,,100,No Cq,No Cq,65,0,No Cq,No Cq,65,0
r09_CI270_03.6.x,9,An. coluzzii,Exposed,27,0,3,x,no Plasmodium,,100,No Cq,No Cq,65,0,No Cq,No Cq,65,0
r09_CI270_03.7.x,9,An. coluzzii,Exposed,27,0,3,x,no Plasmodium,,100,No Cq,No Cq,90.5,0,No Cq,No Cq,95,0
r09_CI270_03.8.x,9,An. coluzzii,Exposed,27,0,3,x,no Plasmodium,,100,No Cq,No Cq,65,0,No Cq,No Cq,65,0
r09_CI270_04.1.x,9,An. coluzzii,Exposed,27,0,4,x,no Plasmodium,,100,No Cq,No Cq,65,0,No Cq,No Cq,68.5,0
r09_CI270_04.2.x,9,An. coluzzii,Exposed,27,0,4,x,no Plasmodium,,100,No Cq,No Cq,67,0,No Cq,No Cq,69,0
r09_CI270_04.3.x,9,An. coluzzii,Exposed,27,0,4,x,no Plasmodium,,100,No Cq,No Cq,65,0,No Cq,No Cq,65,0
r09_CI270_04.4.x,9,An. coluzzii,Exposed,27,0,4,x,no Plasmodium,,100,38.21,0.0132,65,0,No Cq,No Cq,65,0
r09_CI270_04.5.x,9,An. coluzzii,Exposed,27,0,4,x,no Plasmodium,,100,No Cq,No Cq,95,0,No Cq,No Cq,65,0
r09_CI270_04.6.x,9,An. coluzzii,Exposed,27,0,4,x,no Plasmodium,,100,No Cq,No Cq,95,0,39.48,0.00619,65,0
r09_CI270_04.7.x,9,An. coluzzii,Exposed,27,0,4,x,no Plasmodium,,100,No Cq,No Cq,74.5,0,No Cq,No Cq,95,0
r09_CI270_04.8.x,9,An. coluzzii,Exposed,27,0,4,x,no Plasmodium,,100,No Cq,No Cq,67,0,No Cq,No Cq,95,0
r09_CI270_04.9.x,9,An. coluzzii,Exposed,27,0,4,x,no Plasmodium,,100,No Cq,No Cq,65,0,No Cq,No Cq,65,0
r09_CI270_04.10.x,9,An. coluzzii,Exposed,27,0,4,x,no Plasmodium,,100,No Cq,No Cq,65,0,No Cq,No Cq,65,0
r09_CI270_04.11.x,9,An. coluzzii,Exposed,27,0,4,x,no Plasmodium,,100,No Cq,No Cq,65,0,No Cq,No Cq,69,0
r09_CI270_04.12.x,9,An. coluzzii,Exposed,27,0,4,x,no Plasmodium,,100,No Cq,No Cq,73.5,0,No Cq,No Cq,91,0
r09_CI270_05.1.x,9,An. coluzzii,Exposed,27,0,5,x,no Plasmodium,,100,No Cq,No Cq,95,0,No Cq,No Cq,68.5,0
r09_CI270_05.2.x,9,An. coluzzii,Exposed,27,0,5,x,no Plasmodium,,100,No Cq,No Cq,65,0,No Cq,No Cq,73.5,0
r09_CI270_05.3.x,9,An. coluzzii,Exposed,27,0,5,x,no Plasmodium,,100,No Cq,No Cq,95,0,No Cq,No Cq,65,0
r09_CI270_05.4.x,9,An. coluzzii,Exposed,27,0,5,x,no Plasmodium,,100,39.65,0.00561,65,0,No Cq,No Cq,65,0
r09_CI270_05.5.x,9,An. coluzzii,Exposed,27,0,5,x,no Plasmodium,,100,37.89,0.0456,67.5,0,37.67,0.0514,65,0
r09_CI270_05.6.x,9,An. coluzzii,Exposed,27,0,5,x,no Plasmodium,,100,35.85,0.0536,73.5,0,34.05,0.152,74.5,0
r09_CI270_05.7.x,9,An. coluzzii,Exposed,27,0,5,x,no Plasmodium,,100,No Cq,No Cq,70.5,0,37.61,0.0193,69,0
r09_CI270_05.8.x,9,An. coluzzii,Exposed,27,0,5,x,no Plasmodium,,100,No Cq,No Cq,67,0,No Cq,No Cq,65,0
r09_CI270_05.9.x,9,An. coluzzii,Exposed,27,0,5,x,no Plasmodium,,100,No Cq,No Cq,65,0,39.32,0.00713,65,0
r09_CI270_05.10.x,9,An. coluzzii,Exposed,27,0,5,x,no Plasmodium,,100,No Cq,No Cq,65,0,No Cq,No Cq,65,0
r09_CI270_05.11.x,9,An. coluzzii,Exposed,27,0,5,x,no Plasmodium,,100,38.37,0.0124,65,0,No Cq,No Cq,95,0
r09_CI270_06.1.x,9,An. coluzzii,Exposed,27,0,6,x,no Plasmodium,,100,No Cq,No Cq,95,0,No Cq,No Cq,65,0
r09_CI270_06.2.x,9,An. coluzzii,Exposed,27,0,6,x,no Plasmodium,,100,No Cq,No Cq,95,0,36.42,0.0385,74.5,0
r09_CI270_06.3.x,9,An. coluzzii,Exposed,27,0,6,x,no Plasmodium,,100,No Cq,No Cq,67.5,0,No Cq,No Cq,67.5,0
r09_CI270_06.4.x,9,An. coluzzii,Exposed,27,0,6,x,no Plasmodium,,100,36.99,0.0276,76.5,0,36.52,0.0362,68.5,0
r09_CI270_06.5.x,9,An. coluzzii,Exposed,27,0,6,x,no Plasmodium,,100,No Cq,No Cq,67.5,0,No Cq,No Cq,65,0
r09_CI270_06.6.x,9,An. coluzzii,Exposed,27,0,6,x,no Plasmodium,21.349999999999998,100,33.76,0.179,74,1,33.21,0.248,74.5,1
r09_CI270_06.7.x,9,An. coluzzii,Exposed,27,0,6,x,no Plasmodium,,100,No Cq,No Cq,67,0,No Cq,No Cq,68.5,0
r09_CI270_07.1.x,9,An. coluzzii,Exposed,27,0,7,x,no Plasmodium,,100,No Cq,No Cq,65,0,No Cq,No Cq,71,0
r09_CI270_07.2.x,9,An. coluzzii,Exposed,27,0,7,x,no Plasmodium,,100,No Cq,No Cq,68,0,No Cq,No Cq,65,0
r09_CI270_07.3.x,9,An. coluzzii,Exposed,27,0,7,x,no Plasmodium,,100,No Cq,No Cq,69,0,No Cq,No Cq,65,0
r09_CI270_07.4.x,9,An. coluzzii,Exposed,27,0,7,x,no Plasmodium,,100,37.38,0.0221,73.5,0,No Cq,No Cq,65,0
r09_CI270_07.5.x,9,An. coluzzii,Exposed,27,0,7,x,no Plasmodium,,100,38.47,0.0117,70,0,No Cq,No Cq,65,0
r09_CI270_07.6.x,9,An. coluzzii,Exposed,27,0,7,x,no Plasmodium,,100,No Cq,No Cq,68,0,No Cq,No Cq,67,0
r09_CI270_07.7.x,9,An. coluzzii,Exposed,27,0,7,x,no Plasmodium,,100,No Cq,No Cq,65,0,No Cq,No Cq,71.5,0
r09_CI270_07.8.x,9,An. coluzzii,Exposed,27,0,7,x,no Plasmodium,,100,37.52,0.0203,72,0,No Cq,No Cq,70,0
r09_CI270_07.9.x,9,An. coluzzii,Exposed,27,0,7,x,no Plasmodium,,100,No Cq,No Cq,65,0,No Cq,No Cq,65,0
r09_CI270_07.10.x,9,An. coluzzii,Exposed,27,0,7,x,no Plasmodium,,100,No Cq,No Cq,65,0,No Cq,No Cq,67.5,0
r09_CI270_07.11.x,9,An. coluzzii,Exposed,27,0,7,x,no Plasmodium,,100,No Cq,No Cq,68.5,0,No Cq,No Cq,75.5,0
r09_CI270_07.12.x,9,An. coluzzii,Exposed,27,0,7,x,no Plasmodium,,100,No Cq,No Cq,67.5,0,No Cq,No Cq,67.5,0
r09_CI270_07.13.x,9,An. coluzzii,Exposed,27,0,7,x,no Plasmodium,,100,No Cq,No Cq,70.5,0,No Cq,No Cq,95,0
r09_CI270_08.1.x,9,An. coluzzii,Exposed,27,0,8,x,no Plasmodium,,100,No Cq,No Cq,67.5,0,No Cq,No Cq,67.5,0
r09_CI270_08.2.x,9,An. coluzzii,Exposed,27,0,8,x,no Plasmodium,,100,No Cq,No Cq,68,0,No Cq,No Cq,67,0
r09_CI270_08.3.x,9,An. coluzzii,Exposed,27,0,8,x,no Plasmodium,,100,No Cq,No Cq,65,0,No Cq,No Cq,68.5,0
r09_CI270_08.4.x,9,An. coluzzii,Exposed,27,0,8,x,no Plasmodium,,100,No Cq,No Cq,65,0,37.28,0.0233,73,0
r09_CI270_08.5.x,9,An. coluzzii,Exposed,27,0,8,x,no Plasmodium,,100,No Cq,No Cq,67.5,0,No Cq,No Cq,67.5,0
r09_CI270_09.1.x,9,An. coluzzii,Exposed,27,0,9,x,no Plasmodium,,100,No Cq,No Cq,65,0,No Cq,No Cq,68,0
r09_CI270_09.2.x,9,An. coluzzii,Exposed,27,0,9,x,no Plasmodium,,100,38.28,0.0131,67,0,39.39,0.00687,65,0
r09_CI270_09.3.x,9,An. coluzzii,Exposed,27,0,9,x,no Plasmodium,,100,No Cq,No Cq,67,0,No Cq,No Cq,69,0
r09_CI270_09.4.x,9,An. coluzzii,Exposed,27,0,9,x,no Plasmodium,,100,No Cq,No Cq,65,0,No Cq,No Cq,69.5,0
r09_CI270_10.1.x,9,An. coluzzii,Exposed,27,0,10,x,no Plasmodium,,100,No Cq,No Cq,67,0,No Cq,No Cq,65,0
r09_CI270_11.1.x,9,An. coluzzii,Exposed,27,0,11,x,with Plasmodium,88.65,100,30.67,1.08,73.5,1,31.43,0.693,73.5,1
r09_CI270_11.2.x,9,An. coluzzii,Exposed,27,0,11,x,no Plasmodium,,100,No Cq,No Cq,74,0,No Cq,No Cq,67.5,0
r09_CI270_11.3.x,9,An. coluzzii,Exposed,27,0,11,x,no Plasmodium,,100,No Cq,No Cq,74,0,38.66,0.0105,69,0
r09_CI270_11.4.x,9,An. coluzzii,Exposed,27,0,11,x,no Plasmodium,5.515,100,36.07,0.047,73.5,1,35.56,0.0633,73.5,1
r09_CI270_11.5.x,9,An. coluzzii,Exposed,27,0,11,x,with Plasmodium,289.49999999999994,100,29.39,2.26,73,1,28.63,3.53,73.5,1
r09_CI270_12.1.x,9,An. coluzzii,Exposed,27,0,12,x,no Plasmodium,,100,38.78,0.00975,95,0,37.96,0.0157,75,0
r09_CI270_12.2.x,9,An. coluzzii,Exposed,27,0,12,x,with Plasmodium,25.5,100,32.98,0.287,73.5,1,33.41,0.223,73.5,1
r09_CI270_12.3.x,9,An. coluzzii,Exposed,27,0,12,x,no Plasmodium,,100,No Cq,No Cq,65,0,38.93,0.0261,65,0
r09_CI270_12.4.x,9,An. coluzzii,Exposed,27,0,12,x,with Plasmodium,14.915000000000001,100,36.05,0.0473,72.5,1,33.21,0.251,73.5,1
r09_CI270_12.5.x,9,An. coluzzii,Exposed,27,0,12,x,with Plasmodium,2245.0000000000005,100,25.36,25.3,73.5,1,25.8,19.6,73,1
r09_CI270_12.6.x,9,An. coluzzii,Exposed,27,0,12,x,no Plasmodium,,100,No Cq,No Cq,68,0,No Cq,No Cq,67.5,0
r09_CI270_13.1.x,9,An. coluzzii,Exposed,27,0,13,x,no Plasmodium,,100,No Cq,No Cq,95,0,36.59,0.0915,73,1
r09_CI270_13.2.x,9,An. coluzzii,Exposed,27,0,13,x,with Plasmodium,27.1,100,32.63,0.354,74,1,33.7,0.188,74.5,1
r09_CI270_13.3.x,9,An. coluzzii,Exposed,27,0,13,x,with Plasmodium,371.0,100,28.6,3.78,73.5,1,28.66,3.64,73.5,1
r09_CI270_13.4.x,9,An. coluzzii,Exposed,27,0,13,x,no Plasmodium,,100,No Cq,No Cq,67,0,No Cq,No Cq,69,0
r09_CI270_13.5.x,9,An. coluzzii,Exposed,27,0,13,x,with Plasmodium,12.0,100,34.38,0.127,74,1,34.57,0.113,74,1
r09_CI270_13.6.x,9,An. coluzzii,Exposed,27,0,13,x,with Plasmodium,351.49999999999994,100,28.85,3.25,73.5,1,28.59,3.78,73.5,1
r09_CI270_13.7.x,9,An. coluzzii,Exposed,27,0,13,x,with Plasmodium,3665.0000000000005,100,24.9,33.1,73.5,1,24.57,40.2,73.5,1
r09_CI270_13.8.x,9,An. coluzzii,Exposed,27,0,13,x,no Plasmodium,,100,No Cq,No Cq,68.5,0,39.9,0.00492,65,0
r09_CI270_14.1.x,9,An. coluzzii,Exposed,27,0,14,x,no Plasmodium,,100,No Cq,No Cq,70.5,0,No Cq,No Cq,68.5,0
r09_CI270_14.2.x,9,An. coluzzii,Exposed,27,0,14,x,with Plasmodium,17340.0,100,23.49,75.8,72.5,1,21.32,271,73.5,1
r09_CI270_14.3.x,9,An. coluzzii,Exposed,27,0,14,x,with Plasmodium,29.75,100,32.88,0.305,73.5,1,32.96,0.29,74,1
r09_CI270_14.4.x,9,An. coluzzii,Exposed,27,0,14,x,with Plasmodium,7784.999999999999,100,23.13,93.8,73,1,23.83,61.9,73,1
r09_CI270_15.1.x,9,An. coluzzii,Exposed,27,0,15,x,no Plasmodium,,100,37.72,0.0178,73,0,No Cq,No Cq,67.5,0
r09_CI270_15.2.x,9,An. coluzzii,Exposed,27,0,15,x,no Plasmodium,,100,37.66,0.0183,74,0,No Cq,No Cq,65,0
r09_CI270_15.3.x,9,An. coluzzii,Exposed,27,0,15,x,no Plasmodium,,100,No Cq,No Cq,68,0,38.43,0.0117,73.5,0
r09_CI270_15.4.x,9,An. coluzzii,Exposed,27,0,15,x,no Plasmodium,,100,39.02,0.00828,65,0,No Cq,No Cq,65,0
r09_CI270_16.1.x,9,An. coluzzii,Exposed,27,0,16,x,with Plasmodium,912.5,100,27.11,9.06,73.5,1,27.08,9.19,73.5,1
r09_CI270_16.2.x,9,An. coluzzii,Exposed,27,0,16,x,with Plasmodium,322.0,100,28.4,4.23,73.5,1,29.51,2.21,73.5,1
r09_KI270_03.1.x,9,An. gambiae,Exposed,27,0,3,x,no Plasmodium,,100,No Cq,No Cq,68,0,No Cq,No Cq,65,0
r09_KI270_03.2.x,9,An. gambiae,Exposed,27,0,3,x,no Plasmodium,,100,36.05,0.0472,73.5,0,36.61,0.034,73,0
r09_KI270_04.1.x,9,An. gambiae,Exposed,27,0,4,x,no Plasmodium,,100,No Cq,No Cq,95,0,No Cq,No Cq,65,0
r09_KI270_04.2.x,9,An. gambiae,Exposed,27,0,4,x,no Plasmodium,,100,No Cq,No Cq,65,0,No Cq,No Cq,65,0
r09_KI270_04.3.x,9,An. gambiae,Exposed,27,0,4,x,no Plasmodium,,100,40,0.00465,67.5,0,No Cq,No Cq,67.5,0
r09_KI270_04.4.x,9,An. gambiae,Exposed,27,0,4,x,no Plasmodium,,100,No Cq,No Cq,72.5,0,No Cq,No Cq,68,0
r09_KI270_04.5.x,9,An. gambiae,Exposed,27,0,4,x,no Plasmodium,,100,No Cq,No Cq,95,0,No Cq,No Cq,67.5,0
r09_KI270_04.6.x,9,An. gambiae,Exposed,27,0,4,x,no Plasmodium,20.8,100,33.87,0.171,74,1,33.25,0.245,73.5,1
r09_KI270_04.7.x,9,An. gambiae,Exposed,27,0,4,x,no Plasmodium,,100,No Cq,No Cq,65,0,No Cq,No Cq,65,0
r09_KI270_04.8.x,9,An. gambiae,Exposed,27,0,4,x,no Plasmodium,,100,No Cq,No Cq,65,0,No Cq,No Cq,69,0
r09_KI270_04.9.x,9,An. gambiae,Exposed,27,0,4,x,no Plasmodium,,100,No Cq,No Cq,67.5,0,No Cq,No Cq,68,0
r09_KI270_04.10.x,9,An. gambiae,Exposed,27,0,4,x,no Plasmodium,190.49999999999997,100,29.95,1.7,73.5,1,29.58,2.11,73.5,1
r09_KI270_04.11.x,9,An. gambiae,Exposed,27,0,4,x,no Plasmodium,,100,No Cq,No Cq,67.5,0,No Cq,No Cq,69.5,0
r09_KI270_04.12.x,9,An. gambiae,Exposed,27,0,4,x,no Plasmodium,,100,37.39,0.0215,74,0,34.55,0.114,74,0
r09_KI270_04.13.x,9,An. gambiae,Exposed,27,0,4,x,no Plasmodium,,100,No Cq,No Cq,69,0,38.03,0.0148,73,0
r09_KI270_04.14.x,9,An. gambiae,Exposed,27,0,4,x,no Plasmodium,,100,No Cq,No Cq,68,0,No Cq,No Cq,65,0
r09_KI270_04.15.x,9,An. gambiae,Exposed,27,0,4,x,no Plasmodium,,100,38.58,0.0107,70,0,No Cq,No Cq,67.5,0
r09_KI270_04.16.x,9,An. gambiae,Exposed,27,0,4,x,no Plasmodium,,100,35.9,0.0517,74,0,No Cq,No Cq,65,0
r09_KI270_04.17.x,9,An. gambiae,Exposed,27,0,4,x,no Plasmodium,5.0,100,36.42,0.0381,74.5,1,35.59,0.0619,74,1
r09_KI270_04.18.x,9,An. gambiae,Exposed,27,0,4,x,no Plasmodium,,100,No Cq,No Cq,65,0,No Cq,No Cq,65,0
r09_KI270_05.1.x,9,An. gambiae,Exposed,27,0,5,x,no Plasmodium,,100,No Cq,No Cq,65,0,No Cq,No Cq,65,0
r09_KI270_05.2.x,9,An. gambiae,Exposed,27,0,5,x,no Plasmodium,,100,37.25,0.00312,67,0,No Cq,No Cq,65,0
r09_KI270_05.3.x,9,An. gambiae,Exposed,27,0,5,x,no Plasmodium,,100,No Cq,No Cq,65,0,No Cq,No Cq,65,0
r09_KI270_05.4.x,9,An. gambiae,Exposed,27,0,5,x,no Plasmodium,,100,No Cq,No Cq,65,0,No Cq,No Cq,65,0
r09_KI270_05.5.x,9,An. gambiae,Exposed,27,0,5,x,no Plasmodium,,100,No Cq,No Cq,65,0,38.67,0.00116,65,0
r09_KI270_05.6.x,9,An. gambiae,Exposed,27,0,5,x,no Plasmodium,,100,No Cq,No Cq,65,0,No Cq,No Cq,65,0
r09_KI270_05.7.x,9,An. gambiae,Exposed,27,0,5,x,no Plasmodium,,100,No Cq,No Cq,65,0,No Cq,No Cq,68,0
r09_KI270_05.8.x,9,An. gambiae,Exposed,27,0,5,x,no Plasmodium,,100,35.17,0.0133,74,0,36.29,0.00611,95,0
r09_KI270_05.9.x,9,An. gambiae,Exposed,27,0,5,x,no Plasmodium,,100,No Cq,No Cq,67.5,0,No Cq,No Cq,65,0
r09_KI270_05.10.x,9,An. gambiae,Exposed,27,0,5,x,no Plasmodium,,100,39.01,0.000913,65,0,No Cq,No Cq,67,0
r09_KI270_05.11.x,9,An. gambiae,Exposed,27,0,5,x,no Plasmodium,,100,No Cq,No Cq,67,0,No Cq,No Cq,65,0
r09_KI270_05.12.x,9,An. gambiae,Exposed,27,0,5,x,no Plasmodium,,100,No Cq,No Cq,67,0,No Cq,No Cq,67,0
r09_KI270_06.1.x,9,An. gambiae,Exposed,27,0,6,x,no Plasmodium,,100,No Cq,No Cq,65,0,No Cq,No Cq,68,0
r09_KI270_06.2.x,9,An. gambiae,Exposed,27,0,6,x,no Plasmodium,,100,No Cq,No Cq,95,0,No Cq,No Cq,68,0
r09_KI270_06.3.x,9,An. gambiae,Exposed,27,0,6,x,no Plasmodium,,100,37.88,0.00202,65,0,36.19,0.00654,74.5,0
r09_KI270_07.1.x,9,An. gambiae,Exposed,27,0,7,x,no Plasmodium,,100,37.18,0.00328,76.5,0,No Cq,No Cq,67.5,0
r09_KI270_08.2.x,9,An. gambiae,Exposed,27,0,8,x,no Plasmodium,,100,38.35,0.0355,95,0,No Cq,No Cq,65,0
r09_KI270_08.3.x,9,An. gambiae,Exposed,27,0,8,x,no Plasmodium,,100,No Cq,No Cq,65,0,No Cq,No Cq,65,0
r09_KI270_08.4.x,9,An. gambiae,Exposed,27,0,8,x,no Plasmodium,,100,No Cq,No Cq,65,0,No Cq,No Cq,65,0
r09_KI270_08.5.x,9,An. gambiae,Exposed,27,0,8,x,no Plasmodium,,100,39.55,0.000625,95,0,39.41,0.000689,74,0
r09_KI270_08.6.x,9,An. gambiae,Exposed,27,0,8,x,no Plasmodium,,100,No Cq,No Cq,65,0,No Cq,No Cq,65,0
r09_KI270_08.7.x,9,An. gambiae,Exposed,27,0,8,x,no Plasmodium,,100,37.22,0.0032,65,0,37.35,0.00292,95,0
r09_KI270_08.8.x,9,An. gambiae,Exposed,27,0,8,x,no Plasmodium,,100,39.24,0.0221,69,0,36.43,0.0993,73.5,0
r09_KI270_08.9.x,9,An. gambiae,Exposed,27,0,8,x,no Plasmodium,,100,38.3,0.00151,65,0,No Cq,No Cq,65,0
r09_KI270_09.1.x,9,An. gambiae,Exposed,27,0,9,x,no Plasmodium,,100,No Cq,No Cq,65,0,38.89,0.000992,67,0
r09_KI270_09.2.x,9,An. gambiae,Exposed,27,0,9,x,no Plasmodium,,100,35.53,0.0104,68.5,0,34.64,0.0194,76.5,0
r09_KI270_09.3.x,9,An. gambiae,Exposed,27,0,9,x,no Plasmodium,,100,No Cq,No Cq,65,0,No Cq,No Cq,65,0
r09_KI270_09.4.x,9,An. gambiae,Exposed,27,0,9,x,no Plasmodium,,100,No Cq,No Cq,65,0,No Cq,No Cq,65,0
r09_KI270_09.5.x,9,An. gambiae,Exposed,27,0,9,x,no Plasmodium,2.755,100,34.48,0.0217,74.5,1,33.86,0.0334,74.5,1
r09_KI270_09.6.x,9,An. gambiae,Exposed,27,0,9,x,no Plasmodium,,100,No Cq,No Cq,65,0,No Cq,No Cq,65,0
r09_KI270_09.7.x,9,An. gambiae,Exposed,27,0,9,x,no Plasmodium,,100,No Cq,No Cq,68.5,0,No Cq,No Cq,95,0
r09_KI270_09.8.x,9,An. gambiae,Exposed,27,0,9,x,no Plasmodium,,100,No Cq,No Cq,95,0,No Cq,No Cq,65,0
r09_KI270_09.9.x,9,An. gambiae,Exposed,27,0,9,x,no Plasmodium,,100,No Cq,No Cq,65,0,No Cq,No Cq,65,0
r09_KI270_09.10.x,9,An. gambiae,Exposed,27,0,9,x,no Plasmodium,,100,No Cq,No Cq,65,0,No Cq,No Cq,68.5,0
r09_KI270_09.11.x,9,An. gambiae,Exposed,27,0,9,x,no Plasmodium,,100,No Cq,No Cq,95,0,No Cq,No Cq,95,0
r09_KI270_09.12.x,9,An. gambiae,Exposed,27,0,9,x,no Plasmodium,,100,No Cq,No Cq,65,0,No Cq,No Cq,95,0
r09_KI270_09.13.x,9,An. gambiae,Exposed,27,0,9,x,no Plasmodium,,100,No Cq,No Cq,65,0,No Cq,No Cq,75.5,0
r09_KI270_09.14.x,9,An. gambiae,Exposed,27,0,9,x,no Plasmodium,,100,No Cq,No Cq,65,0,No Cq,No Cq,95,0
r09_KI270_10.1.x,9,An. gambiae,Exposed,27,0,10,x,no Plasmodium,,100,No Cq,No Cq,67,0,No Cq,No Cq,65,0
r09_KI270_10.2.x,9,An. gambiae,Exposed,27,0,10,x,no Plasmodium,,100,No Cq,No Cq,65,0,No Cq,No Cq,73,0
r09_KI270_11.1.x,9,An. gambiae,Exposed,27,0,11,x,no Plasmodium,1.505,100,35.38,0.0115,73,1,34.7,0.0186,73,1
r09_KI270_11.2.x,9,An. gambiae,Exposed,27,0,11,x,no Plasmodium,,100,No Cq,No Cq,65,0,39.84,0.00299,93,0
r09_KI270_12.1.x,9,An. gambiae,Exposed,27,0,12,x,no Plasmodium,,100,No Cq,No Cq,65,0,No Cq,No Cq,65,0
r09_KI270_12.2.x,9,An. gambiae,Exposed,27,0,12,x,no Plasmodium,,100,37.15,0.0165,95,0,36.95,0.0188,65,0
r09_KI270_12.3.x,9,An. gambiae,Exposed,27,0,12,x,no Plasmodium,7.285,100,36.16,0.115,73.5,1,38.63,0.0307,65,1
r09_KI270_13.1.x,9,An. gambiae,Exposed,27,0,13,x,with Plasmodium,1200.0,100,26.74,12.4,74,1,26.84,11.6,74,1
r09_KI270_13.2.x,9,An. gambiae,Exposed,27,0,13,x,with Plasmodium,5075.0,100,24.75,43.8,73.5,1,24.31,57.7,73,1
r09_KI270_13.3.x,9,An. gambiae,Exposed,27,0,13,x,no Plasmodium,,100,33.65,0.153,65,0,No Cq,No Cq,65,0
r09_KI270_13.4.x,9,An. gambiae,Exposed,27,0,13,x,with Plasmodium,2171.5,100,28.03,5.43,73.5,1,24.97,38,74,1
r09_KI270_13.5.x,9,An. gambiae,Exposed,27,0,13,x,no Plasmodium,,100,39.62,0.00344,65,0,39.08,0.00485,65,0
r09_KI270_13.6.x,9,An. gambiae,Exposed,27,0,13,x,with Plasmodium,4170.0,100,24.92,39.3,73.5,1,24.73,44.1,73.5,1
r09_KI270_14.1.x,9,An. gambiae,Exposed,27,0,14,x,with Plasmodium,1400.0,100,26.29,16.4,74,1,26.84,11.6,74,1
r09_KI270_14.2.x,9,An. gambiae,Exposed,27,0,14,x,no Plasmodium,,100,37.15,0.0165,74.5,0,33.69,0.149,75,0
r09_KI270_14.3.x,9,An. gambiae,Exposed,27,0,14,x,with Plasmodium,1475.0,100,26.02,19.5,73.5,1,27.07,10,73.5,1
r09_KI270_15.1.x,9,An. gambiae,Exposed,27,0,15,x,no Plasmodium,,100,No Cq,No Cq,68,0,No Cq,No Cq,65,0
r09_KI270_16.1.x,9,An. gambiae,Exposed,27,0,16,x,no Plasmodium,,100,36.8,0.0816,73.5,0,35.21,0.192,74.5,0
r09_KI270_16.2.x,9,An. gambiae,Exposed,27,0,16,x,no Plasmodium,,100,No Cq,No Cq,72.5,0,No Cq,No Cq,65,0
r09_KI270_17.1.x,9,An. gambiae,Exposed,27,0,17,x,no Plasmodium,,100,No Cq,No Cq,65,0,No Cq,No Cq,69,0
r09_KI270_17.2.x,9,An. gambiae,Exposed,27,0,17,x,no Plasmodium,,100,No Cq,No Cq,68.5,0,No Cq,No Cq,95,0
r09_KI270_19.1.x,9,An. gambiae,Exposed,27,0,19,x,no Plasmodium,,100,No Cq,No Cq,65,0,No Cq,No Cq,95,0
r09_KI270_19.2.x,9,An. gambiae,Exposed,27,0,19,x,no Plasmodium,,100,No Cq,No Cq,67.5,0,39.73,0.00321,70,0
r09_KI270_20.1.x,9,An. gambiae,Exposed,27,0,20,x,with Plasmodium,1764.9999999999998,100,25.96,20.2,72,1,26.42,15.1,73.5,1
r09_CI270_03.1.0,9,An. coluzzii,Exposed,27,0,3,0,no Plasmodium,,100,36.87,0.0197,77,0,38.53,0.00688,93,0
r09_CI270_03.2.0,9,An. coluzzii,Exposed,27,0,3,0,no Plasmodium,,100,No Cq,No Cq,65,0,No Cq,No Cq,95,0
r09_CI270_03.3.0,9,An. coluzzii,Exposed,27,0,3,0,no Plasmodium,,100,37.47,0.0135,74,0,No Cq,No Cq,65,0
r09_CI270_03.4.0,9,An. coluzzii,Exposed,27,0,3,0,no Plasmodium,,100,No Cq,No Cq,65,0,No Cq,No Cq,69.5,0
r09_CI270_03.5.0,9,An. coluzzii,Exposed,27,0,3,0,no Plasmodium,,100,No Cq,No Cq,95,0,No Cq,No Cq,95,0
r09_CI270_03.6.0,9,An. coluzzii,Exposed,27,0,3,0,no Plasmodium,,100,38.45,0.00725,74,0,39.01,0.00506,76.5,0
r09_CI270_06.1.0,9,An. coluzzii,Exposed,27,0,6,0,no Plasmodium,7.375000000000001,100,34.81,0.0732,73.5,1,34.78,0.0743,74,1
r09_CI270_06.2.0,9,An. coluzzii,Exposed,27,0,6,0,no Plasmodium,145.5,100,29.69,1.89,73.5,1,30.66,1.02,73.5,1
r09_CI270_06.3.0,9,An. coluzzii,Exposed,27,0,6,0,no Plasmodium,87.1,100,30.9,0.879,73.5,1,30.93,0.863,73.5,1
r09_CI270_06.4.0,9,An. coluzzii,Exposed,27,0,6,0,no Plasmodium,,100,No Cq,No Cq,74,0,No Cq,No Cq,69.5,0
r09_CI270_06.5.0,9,An. coluzzii,Exposed,27,0,6,0,no Plasmodium,,100,35.22,0.0563,73.5,0,37.59,0.0125,73.5,0
r09_CI270_06.6.0,9,An. coluzzii,Exposed,27,0,6,0,no Plasmodium,,100,No Cq,No Cq,95,0,38.63,0.00644,95,0
r09_CI270_11.1.0,9,An. coluzzii,Exposed,27,0,11,0,with Plasmodium,12.5,100,34.15,0.111,73.5,1,33.8,0.139,73.5,1
r09_CI270_11.2.0,9,An. coluzzii,Exposed,27,0,11,0,no Plasmodium,,100,39.88,0.00291,74,0,No Cq,No Cq,74.5,0
r09_CI270_11.3.0,9,An. coluzzii,Exposed,27,0,11,0,with Plasmodium,12.65,100,34.28,0.103,73.5,1,33.68,0.15,73,1
r09_CI270_11.4.0,9,An. coluzzii,Exposed,27,0,11,0,with Plasmodium,2010.0000000000002,100,25.56,26.2,73.5,1,26.54,14,73,1
r09_CI270_11.5.0,9,An. coluzzii,Exposed,27,0,11,0,with Plasmodium,1012.0000000000001,100,27.3,8.64,73.5,1,26.83,11.6,73,1
r09_CI270_11.6.0,9,An. coluzzii,Exposed,27,0,11,0,no Plasmodium,,100,No Cq,No Cq,95,0,No Cq,No Cq,93,0
r09_CI270_13.1.0,9,An. coluzzii,Exposed,27,0,13,0,with Plasmodium,880.9999999999999,100,27.74,6.52,73,1,26.91,11.1,73.5,1
r09_CI270_13.2.0,9,An. coluzzii,Exposed,27,0,13,0,with Plasmodium,377.0,100,28.68,3.6,73.5,1,28.53,3.94,73.5,1
r09_CI270_13.3.0,9,An. coluzzii,Exposed,27,0,13,0,no Plasmodium,,100,No Cq,No Cq,95,0,No Cq,No Cq,95,0
r09_CI270_13.4.0,9,An. coluzzii,Exposed,27,0,13,0,no Plasmodium,,100,36.99,0.0109,73.5,0,37.77,0.00675,65,0
r09_CI270_13.5.0,9,An. coluzzii,Exposed,27,0,13,0,with Plasmodium,376.5,100,27.61,3.37,73,1,27.26,4.16,73,1
r09_CI270_13.6.0,9,An. coluzzii,Exposed,27,0,13,0,no Plasmodium,,100,38.7,0.00384,69,0,No Cq,No Cq,67,0
r09_CI270_15.1.0,9,An. coluzzii,Exposed,27,0,15,0,with Plasmodium,446.0,100,27.04,4.78,73,1,27.27,4.14,73,1
r09_CI270_15.2.0,9,An. coluzzii,Exposed,27,0,15,0,with Plasmodium,197.2,100,27.59,3.41,73,1,30.62,0.534,72,1
r09_CI270_15.3.0,9,An. coluzzii,Exposed,27,0,15,0,with Plasmodium,163.0,100,28.72,1.71,72.5,1,28.87,1.55,72.5,1
r09_CI270_15.4.0,9,An. coluzzii,Exposed,27,0,15,0,with Plasmodium,750.4999999999999,100,25.8,10.2,73,1,27.03,4.81,73,1
r09_CI270_15.5.0,9,An. coluzzii,Exposed,27,0,15,0,with Plasmodium,519.5,100,26.9,5.19,73,1,26.9,5.2,73.5,1
r09_CI270_15.6.0,9,An. coluzzii,Exposed,27,0,15,0,with Plasmodium,455.5,100,27.11,4.58,73.5,1,27.12,4.53,73.5,1
r09_CI270_17.1.0,9,An. coluzzii,Exposed,27,0,17,0,with Plasmodium,1200.0,100,25.76,10.4,73,1,25.32,13.6,73.5,1
r09_CI270_17.2.0,9,An. coluzzii,Exposed,27,0,17,0,with Plasmodium,2070.0000000000005,100,24.26,26.1,73.5,1,25.13,15.3,73,1
r09_CI270_17.3.0,9,An. coluzzii,Exposed,27,0,17,0,no Plasmodium,,100,35.66,0.0245,73,0,37.95,0.00605,73.5,0
r09_CI270_17.4.0,9,An. coluzzii,Exposed,27,0,17,0,no Plasmodium,4.430000000000001,100,34.57,0.0478,73,1,34.83,0.0408,74,1
r09_CI270_17.5.0,9,An. coluzzii,Exposed,27,0,17,0,with Plasmodium,386.00000000000006,100,29.46,4.15,73.5,1,29.74,3.57,73.5,1
r09_CI270_17.6.0,9,An. coluzzii,Exposed,27,0,17,0,no Plasmodium,,100,No Cq,No Cq,67.5,0,No Cq,No Cq,95,0
r09_CI270_19.1.0,9,An. coluzzii,Exposed,27,0,19,0,with Plasmodium,323.0,100,27.64,3.3,73.5,1,27.71,3.16,73.5,1
r09_CI270_19.2.0,9,An. coluzzii,Exposed,27,0,19,0,with Plasmodium,13.389999999999999,100,31.94,0.239,73.5,1,35.4,0.0288,72.5,1
r09_CI270_19.3.0,9,An. coluzzii,Exposed,27,0,19,0,with Plasmodium,398.0,100,27.33,4,73,1,27.34,3.96,73,1
r09_CI270_19.4.0,9,An. coluzzii,Exposed,27,0,19,0,with Plasmodium,63.55,100,29.88,0.839,73,1,30.97,0.432,73,1
r09_CI270_19.5.0,9,An. coluzzii,Exposed,27,0,19,0,no Plasmodium,,100,No Cq,No Cq,65,0,No Cq,No Cq,95,0
r09_CI270_19.6.0,9,An. coluzzii,Exposed,27,0,19,0,no Plasmodium,,100,No Cq,No Cq,69,0,No Cq,No Cq,95,0
r09_KI270_03.1.0,9,An. gambiae,Exposed,27,0,3,0,no Plasmodium,,100,35.89,0.0214,74,0,35.49,0.0272,74,0
r09_KI270_03.2.0,9,An. gambiae,Exposed,27,0,3,0,no Plasmodium,,100,38.61,0.00406,73.5,0,39.25,0.00274,74,0
r09_KI270_03.3.0,9,An. gambiae,Exposed,27,0,3,0,no Plasmodium,8.075000000000001,100,35.06,0.0355,73.5,1,32.99,0.126,73.5,1
r09_KI270_03.4.0,9,An. gambiae,Exposed,27,0,3,0,no Plasmodium,,100,35.96,0.0204,73.5,0,35.73,0.0236,73,0
r09_KI270_03.5.0,9,An. gambiae,Exposed,27,0,3,0,no Plasmodium,,100,No Cq,No Cq,68,0,No Cq,No Cq,67,0
r09_KI270_03.6.0,9,An. gambiae,Exposed,27,0,3,0,no Plasmodium,,100,No Cq,No Cq,65,0,No Cq,No Cq,67,0
r09_KI270_06.1.0,9,An. gambiae,Exposed,27,0,6,0,no Plasmodium,,100,No Cq,No Cq,65,0,No Cq,No Cq,68.5,0
r09_KI270_06.2.0,9,An. gambiae,Exposed,27,0,6,0,no Plasmodium,,100,No Cq,No Cq,95,0,No Cq,No Cq,95,0
r09_KI270_06.3.0,9,An. gambiae,Exposed,27,0,6,0,no Plasmodium,,100,37.5,0.00799,73,0,No Cq,No Cq,73.5,0
r09_KI270_06.4.0,9,An. gambiae,Exposed,27,0,6,0,no Plasmodium,169.0,100,28.71,1.72,73.5,1,28.77,1.66,73.5,1
r09_KI270_06.5.0,9,An. gambiae,Exposed,27,0,6,0,no Plasmodium,,100,No Cq,No Cq,73.5,0,38.45,0.00447,68.5,0
r09_KI270_06.6.0,9,An. gambiae,Exposed,27,0,6,0,no Plasmodium,,100,No Cq,No Cq,68.5,0,39.81,0.00195,72.5,0
r09_KI270_11.1.0,9,An. gambiae,Exposed,27,0,11,0,no Plasmodium,,100,39.29,0.00268,72,0,38.76,0.0037,67.5,0
r09_KI270_11.2.0,9,An. gambiae,Exposed,27,0,11,0,with Plasmodium,1210.0,100,25.81,10.1,73.5,1,25.26,14.1,73.5,1
r09_KI270_11.3.0,9,An. gambiae,Exposed,27,0,11,0,with Plasmodium,1465.0,100,25.11,15.5,73.5,1,25.3,13.8,73,1
r09_KI270_11.4.0,9,An. gambiae,Exposed,27,0,11,0,no Plasmodium,,100,36.72,0.0129,69,0,36.78,0.0124,70.5,0
r09_KI270_11.5.0,9,An. gambiae,Exposed,27,0,11,0,no Plasmodium,,100,39.17,0.023,65,0,No Cq,No Cq,95,0
r09_KI270_11.6.0,9,An. gambiae,Exposed,27,0,11,0,with Plasmodium,1555.0,100,25.31,13.7,73.5,1,24.92,17.4,73.5,1
r09_KI270_13.1.0,9,An. gambiae,Exposed,27,0,13,0,with Plasmodium,396.0,100,27.58,3.42,74,1,27.13,4.5,74,1
r09_KI270_13.2.0,9,An. gambiae,Exposed,27,0,13,0,no Plasmodium,,100,35.57,0.0259,74.5,0,36.98,0.011,73.5,0
r09_KI270_13.3.0,9,An. gambiae,Exposed,27,0,13,0,with Plasmodium,2295.0,100,24.38,24.2,73.5,1,24.56,21.7,73.5,1
r09_KI270_13.4.0,9,An. gambiae,Exposed,27,0,13,0,with Plasmodium,730.0,100,29.05,6.26,74,1,28.6,8.34,74,1
r09_KI270_13.5.0,9,An. gambiae,Exposed,27,0,13,0,with Plasmodium,1000.0,100,27.8,14,73.5,1,29.12,6,74,1
r09_KI270_13.6.0,9,An. gambiae,Exposed,27,0,13,0,no Plasmodium,,100,No Cq,No Cq,95,0,No Cq,No Cq,95,0
r09_KI270_15.1.0,9,An. gambiae,Exposed,27,0,15,0,no Plasmodium,,100,34.37,0.209,76,0,37.11,0.0362,65,0
r09_KI270_15.2.0,9,An. gambiae,Exposed,27,0,15,0,no Plasmodium,,100,36.58,0.0508,68,0,33.62,0.337,71,0
r09_KI270_15.3.0,9,An. gambiae,Exposed,27,0,15,0,with Plasmodium,3075.0,100,27.35,18.6,72,1,26.04,42.9,73.5,1
r09_KI270_15.4.0,9,An. gambiae,Exposed,27,0,15,0,with Plasmodium,874.0,100,28.49,8.96,74,1,28.57,8.52,74,1
r09_KI270_15.5.0,9,An. gambiae,Exposed,27,0,15,0,with Plasmodium,9945.0,100,24.71,100,74,1,24.73,98.9,74,1
r09_KI270_15.6.0,9,An. gambiae,Exposed,27,0,15,0,no Plasmodium,,100,34.58,0.182,75,0,33.44,0.379,74.5,0
r09_KI270_17.1.0,9,An. gambiae,Exposed,27,0,17,0,with Plasmodium,314.5,100,30.77,2.09,74,1,29.67,4.2,73.5,1
r09_KI270_17.2.0,9,An. gambiae,Exposed,27,0,17,0,no Plasmodium,,100,35.73,0.0874,68.5,0,37.2,0.034,73.5,0
r09_KI270_17.3.0,9,An. gambiae,Exposed,27,0,17,0,with Plasmodium,3000.0,100,26.34,35.5,73.5,1,26.92,24.5,73,1
r09_KI270_17.4.0,9,An. gambiae,Exposed,27,0,17,0,with Plasmodium,6380.0,100,25.05,80.8,73.5,1,25.9,46.8,73.5,1
r09_KI270_17.5.0,9,An. gambiae,Exposed,27,0,17,0,no Plasmodium,,100,No Cq,No Cq,65,0,39.97,0.0058,68.5,0
r09_KI270_17.6.0,9,An. gambiae,Exposed,27,0,17,0,with Plasmodium,1770.0,100,27.69,14.9,73.5,1,27.2,20.5,73.5,1
r09_KI270_19.1.0,9,An. gambiae,Exposed,27,0,19,0,no Plasmodium,,100,36.6,0.05,68,0,36.03,0.072,73.5,0
r09_KI270_19.2.0,9,An. gambiae,Exposed,27,0,19,0,no Plasmodium,,100,No Cq,No Cq,67.5,0,38.34,0.0165,65,0
r09_KI270_19.3.0,9,An. gambiae,Exposed,27,0,19,0,with Plasmodium,171.0,100,31.23,1.55,74,1,30.94,1.87,73.5,1
r09_KI270_19.4.0,9,An. gambiae,Exposed,27,0,19,0,with Plasmodium,4029.9999999999995,100,25.46,35.4,73.5,1,25,45.2,73.5,1
r09_KI270_19.5.0,9,An. gambiae,Exposed,27,0,19,0,with Plasmodium,1345.0,100,27.48,12,73.5,1,27.08,14.9,73.5,1
r09_KI270_19.6.0,9,An. gambiae,Exposed,27,0,19,0,no Plasmodium,,100,No Cq,No Cq,65,0,No Cq,No Cq,68,0
r09_KI270_21.1.0,9,An. gambiae,Exposed,27,0,21,0,with Plasmodium,1034.0,100,28.65,8.08,73.5,1,27.96,12.6,73.5,1
r09_KI270_21.2.0,9,An. gambiae,Exposed,27,0,21,0,with Plasmodium,301.99999999999994,100,30.48,2.51,73.5,1,29.95,3.53,73.5,1
r09_KI270_21.3.0,9,An. gambiae,Exposed,27,0,21,0,no Plasmodium,,100,No Cq,No Cq,76.5,0,39.13,0.00992,74,0
r09_KI270_21.4.0,9,An. gambiae,Exposed,27,0,21,0,no Plasmodium,,100,No Cq,No Cq,68,0,No Cq,No Cq,67.5,0
r09_KI270_21.5.0,9,An. gambiae,Exposed,27,0,21,0,no Plasmodium,,100,No Cq,No Cq,73.5,0,No Cq,No Cq,95,0
r09_KI270_21.6.0,9,An. gambiae,Exposed,27,0,21,0,with Plasmodium,16.6,100,34.73,0.166,73.5,1,34.73,0.166,73,1
r09_KI270_23.1.0,9,An. gambiae,Exposed,27,0,23,0,no Plasmodium,,100,No Cq,No Cq,95,0,No Cq,No Cq,95,0
r09_KI270_23.2.0,9,An. gambiae,Exposed,27,0,23,0,with Plasmodium,7345.0,100,25.66,54.7,73.5,1,24.84,92.2,73.5,1
r09_KI270_23.3.0,9,An. gambiae,Exposed,27,0,23,0,with Plasmodium,14.995,100,34.75,0.245,73.5,1,37.54,0.0549,73.5,1
r09_CI276_03.1.0,9,An. coluzzii,Exposed,27,6,3,0,no Plasmodium,,100,No Cq,No Cq,67.5,0,39.25,0.00921,67.5,0
r09_CI276_03.2.0,9,An. coluzzii,Exposed,27,6,3,0,no Plasmodium,,100,No Cq,No Cq,68,0,No Cq,No Cq,95,0
r09_CI276_03.3.0,9,An. coluzzii,Exposed,27,6,3,0,no Plasmodium,,100,No Cq,No Cq,69,0,No Cq,No Cq,67.5,0
r09_CI276_03.4.0,9,An. coluzzii,Exposed,27,6,3,0,no Plasmodium,,100,No Cq,No Cq,65,0,No Cq,No Cq,95,0
r09_CI276_03.5.0,9,An. coluzzii,Exposed,27,6,3,0,no Plasmodium,,100,No Cq,No Cq,95,0,No Cq,No Cq,72,0
r09_CI276_03.6.0,9,An. coluzzii,Exposed,27,6,3,0,no Plasmodium,,100,No Cq,No Cq,72,0,38.56,0.0143,70,0
r09_CI276_06.1.0,9,An. coluzzii,Exposed,27,6,6,0,no Plasmodium,,100,39.69,0.00695,65,0,38.05,0.0198,73.5,0
r09_CI276_06.2.0,9,An. coluzzii,Exposed,27,6,6,0,no Plasmodium,,100,No Cq,No Cq,95,0,No Cq,No Cq,67,0
r09_CI276_06.3.0,9,An. coluzzii,Exposed,27,6,6,0,no Plasmodium,,100,36.97,0.0396,74,0,39.27,0.00911,68,0
r09_CI276_06.4.0,9,An. coluzzii,Exposed,27,6,6,0,no Plasmodium,,100,37.22,0.0337,73,0,No Cq,No Cq,70,0
r09_CI276_06.5.0,9,An. coluzzii,Exposed,27,6,6,0,no Plasmodium,,100,No Cq,No Cq,95,0,No Cq,No Cq,65,0
r09_CI276_06.6.0,9,An. coluzzii,Exposed,27,6,6,0,no Plasmodium,,100,39.92,0.00599,67.5,0,No Cq,No Cq,69,0
r09_CI276_13.1.0,9,An. coluzzii,Exposed,27,6,13,0,no Plasmodium,,100,38.99,0.0108,65,0,No Cq,No Cq,95,0
r09_CI276_13.2.0,9,An. coluzzii,Exposed,27,6,13,0,no Plasmodium,,100,No Cq,No Cq,95,0,No Cq,No Cq,65,0
r09_CI276_13.3.0,9,An. coluzzii,Exposed,27,6,13,0,no Plasmodium,,100,No Cq,No Cq,65,0,No Cq,No Cq,95,0
r09_CI276_13.4.0,9,An. coluzzii,Exposed,27,6,13,0,no Plasmodium,,100,No Cq,No Cq,65,0,37.76,0.0222,65,0
r09_CI276_13.5.0,9,An. coluzzii,Exposed,27,6,13,0,no Plasmodium,,100,39.55,0.00779,95,0,35.96,0.0632,72.5,0
r09_CI276_13.6.0,9,An. coluzzii,Exposed,27,6,13,0,no Plasmodium,,100,No Cq,No Cq,95,0,No Cq,No Cq,95,0
r09_CI276_15.1.0,9,An. coluzzii,Exposed,27,6,15,0,no Plasmodium,,100,37.96,0.0197,95,0,No Cq,No Cq,65,0
r09_CI276_15.2.0,9,An. coluzzii,Exposed,27,6,15,0,no Plasmodium,,100,No Cq,No Cq,95,0,39.7,0.00714,67.5,0
r09_CI276_15.3.0,9,An. coluzzii,Exposed,27,6,15,0,no Plasmodium,,100,No Cq,No Cq,65,0,No Cq,No Cq,95,0
r09_CI276_15.4.0,9,An. coluzzii,Exposed,27,6,15,0,no Plasmodium,,100,36.89,0.0366,73.5,0,37.28,0.0293,65,0
r09_CI276_15.5.0,9,An. coluzzii,Exposed,27,6,15,0,no Plasmodium,,100,38.23,0.038,95,0,37.45,0.0575,95,0
r09_CI276_15.6.0,9,An. coluzzii,Exposed,27,6,15,0,no Plasmodium,,100,No Cq,No Cq,95,0,39.74,0.00697,95,0
r09_CI276_17.1.0,9,An. coluzzii,Exposed,27,6,17,0,no Plasmodium,,100,No Cq,No Cq,95,0,No Cq,No Cq,69.5,0
r09_CI276_17.2.0,9,An. coluzzii,Exposed,27,6,17,0,no Plasmodium,,100,No Cq,No Cq,95,0,No Cq,No Cq,68,0
r09_CI276_17.3.0,9,An. coluzzii,Exposed,27,6,17,0,no Plasmodium,,100,No Cq,No Cq,65,0,No Cq,No Cq,65,0
r09_CI276_17.4.0,9,An. coluzzii,Exposed,27,6,17,0,no Plasmodium,,100,36.86,0.0374,68,0,36.65,0.0422,95,0
r09_CI276_17.5.0,9,An. coluzzii,Exposed,27,6,17,0,no Plasmodium,,100,37.67,0.0233,69,0,No Cq,No Cq,95,0
r09_CI276_17.6.0,9,An. coluzzii,Exposed,27,6,17,0,no Plasmodium,,100,38.09,0.0182,69.5,0,38.55,0.014,95,0
r09_CI276_19.1.0,9,An. coluzzii,Exposed,27,6,19,0,no Plasmodium,,100,No Cq,No Cq,95,0,No Cq,No Cq,65,0
r09_CI276_19.2.0,9,An. coluzzii,Exposed,27,6,19,0,no Plasmodium,,100,No Cq,No Cq,65,0,No Cq,No Cq,95,0
r09_CI276_19.3.0,9,An. coluzzii,Exposed,27,6,19,0,no Plasmodium,,100,35.75,0.0713,77,0,37.41,0.0272,78,0
